,openlibrary_key,isbn,title,author,first_publish_year,edition_count,original_subjects,assigned_genres,language,number_of_pages,cover_id,availability_status,last_modified,average_rating,rating_count,reviews
0,,,Alice's Adventures in Wonderland,Lewis Carroll,1865,3546,"['Alice (fictitious character : carroll), fiction', 'British and irish fiction (fictional works by one author)', 'Fiction, fantasy, general', 'JUVENILE FICTION', 'classics', 'Fantasy & Magic', 'Imagination & Play', 'adventure and adventurers', 'adventure and adventurers, fiction', 'adventure stories', 'adventure travel', 'animals', 'anthropomorphism', ""artists' illustrated books"", 'books and reading', 'child and youth fiction', 'children', ""children's fiction"", ""children's literature"", ""children's literature, english"", ""children's stories"", ""children's stories, english"", 'classic literature', 'coloring books', 'croquet', 'cuentos infantiles ingleses', 'curiosidad', 'curiosidad en los niños', 'curiosity', 'curiosity in children', 'english', 'english adventure stories', 'english fantastic fiction', 'english fantasy fiction', 'english fantasy literature', 'english language', 'english literature', 'english nonsense verses', 'fairy tales', 'fantasy', 'fantasy fiction', 'fantasy in fiction', 'fantasy  magic', 'fantasía', 'ficción juvenil', 'fiction', 'friendship', 'girls', 'girls, fiction', 'hookahs', 'humor', 'humorous stories', 'illustrations', 'imaginary places', 'juvenile literature', 'legends', 'literary nonsense', 'logic', 'lugares imaginarios', 'mythical animals', 'niñas', 'nonsense verses', 'novela', 'novela fantástica', 'novela juvenil', 'open library staff picks', 'picture books', 'playing cards', 'rabbits', 'readers', 'reading materials', 'short novel', 'tea', 'texts', 'Alice (Fictitious character : Carroll)', 'English language, textbooks for foreign speakers', 'Fantastique', 'Enfants', 'Affirmation de soi', 'Spanish language materials', 'Alicia (Personaje literario : Carroll)', 'Spanish language', 'nyt:chapter-books=2010-02-21', 'New York Times bestseller', 'Literatura infanto-juvenil', 'Literatura inglesa', 'Carroll, lewis, 1832-1898', ""Children's literature, history and criticism"", 'Children, books and reading', 'Crocheting', 'Fiction, general', 'Fantasy fiction, history and criticism', 'Toy and movable books', 'Imagination', 'Textbooks for foreign speakers', 'Readers for new literates', 'High interest-low vocabulary books', 'Science fiction', 'CUENTO INFANTIL INGLES', 'History and criticism', 'Translations into Irish', 'Irish literature', 'Swahili language', 'Ficc ʹa o (ge nero)', 'Shi jie wen xue', 'Xiao shuo', 'Fantasi a', 'Tong hua', 'Suo xie', 'Shao er du wu', 'Pin yin du wu', ""Children's stories, Chinese"", 'Chinese language', 'Translations into Polish', 'Ying yu', 'Yu yan du wu', 'Decision making', 'Juvenile Wit and humor', 'Conduct of life', 'Illusion (Philosophy)', 'Innocence (Psychology)', 'Dreams', 'Courts and courtiers', 'Theft', 'Courts', 'Curiosité', 'Romans, nouvelles, etc. pour la jeunesse', 'Prise de décision', 'Humour pour la jeunesse', 'Morale pratique', 'Lieux imaginaires', 'Illusion (Philosophie)', 'Rêves', 'Cartes à jouer', 'Cours et courtisans', 'Croquet (Jeu)', 'Vol (Droit)', 'Tribunaux', 'Histoires pour enfants anglaises', 'Literature, collections', 'Fiction, short stories (single author)', 'Contes de fées', 'English fiction', 'Translations into Ladino', 'Nonsense literature', 'Fantasmes', 'Dinosaurier', 'Utdöda djur', 'Urtidsdjur', 'Forntiden', 'Geologi', 'Evolution', 'Jorden', 'Fantastiske fortællinger', 'Translations into Yiddish', 'Criticism and interpretation', 'History', ""Alice's adventures in Wonderland (Carroll, Lewis)"", 'Alice in Wonderland;', 'North', 'Rural-urban migration', 'Russian language']","['children', 'science fiction', 'fantasy']",N/A,0,10527843,open,N/A,4.005405405405406,185,[]
1,,,Frankenstein or The Modern Prometheus,Mary Shelley,1818,2183,"['Frankenstein (Fictitious character)', ""Frankenstein's monster (Fictitious character)"", 'Fiction', 'Victor Frankenstein (Fictitious character)', 'Scientists', 'Monsters', 'Fiction, horror', 'Frankenstein (fictitious character), fiction', 'Physicians, fiction', 'British fiction (fictional works by one author)', 'Scientists, fiction', 'Geneva (Switzerland), fiction', ""Children's fiction"", 'Horror stories', 'Fiction, science fiction, general', 'Fiction, general', 'Horror tales', 'Frankenstein (Shelley, Mary Wollstonecraft)', 'Large type books', 'English fiction', 'Study guides', 'Examinations', 'Criticism and interpretation', 'Fiction, gothic', 'English language, textbooks for foreign speakers', 'Reading comprehension', 'Monsters, fiction', 'English literature', 'Comics & graphic novels, science fiction', 'Comics & graphic novels, horror', 'Comic books, strips, etc.', 'Comics & graphic novels, literary', 'Shelley, Mary Wollstonecraft, 1797-1851', 'English fiction (collections), 19th century', 'Literature and fiction, horror and ghost stories', 'Readers', 'Science fiction, history and criticism', 'Horror tales, history and criticism', ""Children's stories"", 'Monstrous', 'Novela', 'History and criticism', 'Horror fiction', 'British and irish fiction (fictional works by one author)', 'Fiction, historical, general', 'literary criticism', 'English Science fiction', 'English Horror tales', 'Scientists in literature', 'Monsters in literature', 'Science, experiments, fiction', 'Authors', 'Travel', 'Reincarnation', 'Self-actualization (Psychology)', 'Vida espiritual', 'Arte de vivir', 'Conducta (Ética)', 'Self-realization', 'Reading materials', 'Fiction, science fiction, hard science fiction', 'Switzerland, fiction', 'Literature and fiction, women authors', 'Literature, history and criticism', 'Science fiction', 'Cartoons and comics', 'Monstres', 'Romans, nouvelles', 'Comic books, strips', 'Classic science fiction', 'Horror and supernatural fiction', 'Classic fiction', 'Science in literature', 'Illustration', 'Gothic fiction', 'English language, juvenile literature', 'Shelley, Mary Wollstonecraft, 1797-1851. Frankenstein', 'Frankenstein, Victor (Fictitious character) -- Fiction', ""Frankenstein's monster (Fictitious character) -- Fiction"", 'Scientists -- Fiction', 'Monsters -- Fiction', 'Frankenstein’s monster (Fictitious character)', 'Frankenstein’s monster', 'Monsters--fiction', 'Frankenstein, victor (fictitious character)', 'Frankenstein, victor (fictitious character)--fiction', 'Pr5397 .f7 1992', '823.7 f', 'Frankenstein, victor', ""Frankenstein's monster"", 'Scientists--fiction', 'Frankenstein, victor (fictional character)', 'Frankenstein, victor (fictional character)--fiction', 'Frankenstein (fictional character)', 'Frankenstein (fictional character)--fiction', 'Pr5397 .f7 2003c', '823/.7', 'Fic004000', 'Pr5397 .f7 1969', 'Pr5397 .f7 2008f', '823.7', 'Science & technology in literature', 'Literary styles & movements - fiction', 'Books at the movies', 'Occupations - fiction', 'English fiction & prose literature - general & miscellaneous - literary criticism', 'Horror literature - literary criticism', 'English', 'Scot', 'Pr5397 .f7 2007', 'Shelley, mary wollstonecraft , 1797-1851', 'Pr5397 .f7 2012', 'Classics', 'Horror', 'Gothic', 'English & college success -> english -> fiction', 'Mary shelley', 'Mary wollstonecraft shelley', 'Women authors', 'Rhetoric', 'Ya', 'Young adult', 'Juvenile', 'History', 'Historical', 'Classic', 'Literature', 'Books', 'Novels', 'Hardcovers', 'Paperback', 'Ebook', 'Audio-book', 'Stories', 'Tales', 'Madness', 'Mad', 'Science', 'Life conduct', 'Ethics', 'Translations into russian', 'Ficción', 'Frankenstein (personaje literario)', 'Monstruos', 'Epistolary fiction', 'Conducta (etica)', 'ghost', 'Frankenstein films', 'Juvenile fiction', 'African american women', 'Man-woman relationships', 'Pr5397 .f7 2012d', 'Pr5397 .f7 2008d', '823', 'Drama (dramatic works by one author)', 'Long Now Manual for Civilization']","['young adult', 'science fiction', 'horror']",N/A,0,12356249,open,N/A,3.94300518134715,193,[]
2,,,The Wonderful Wizard of Oz,L. Frank Baum,1899,2052,"['Witches', 'Toy and movable books', 'Spanish language materials', 'Fiction', 'Wizards', 'Juvenile literature', 'Wizards in fiction', ""Children's stories, Russian"", 'Specimens', 'Imaginary voyages in fiction', 'Classic Literature', 'Imaginary Voyages', ""Children's stories, American"", 'Adventure and adventurers', 'Open Library Staff Picks', 'Books and reading', ""Children's stories"", 'Witches in fiction', 'History', 'Juvenile fiction', 'Latin language materials', 'Fairy tales', 'Children', 'Contes americains', 'Ouvrages pour la jeunesse', 'Fantasy', 'Fantasy fiction', 'Fantastic fiction', 'Novela fantástica', 'Fantasía', 'Teenage girls', 'Quests (Expeditions)', 'Oz (Imaginary place)', ""Children's fiction"", 'Oz (imaginary place), fiction', 'Fiction, fantasy, general', 'Young adult fiction', 'Fiction, science fiction, general', 'Wizards, fiction', 'Fantasy & Magic', 'Classics', 'Literature and fiction, juvenile', 'American Fantasy fiction', 'History and criticism', 'Dorothy Gale (Fictional character)', 'French language materials', 'American literature', 'Children: Babies Toddlers', 'Wizard of Oz (Fictitious character)', 'Friendship', 'Courage', 'Adventure stories', 'Dorothy Gale (Fictitious character)', ""Children's literature"", 'General', 'Contes américains', 'Roman pour la jeunesse', 'Contes', 'Tong hua', 'Er tong wen xue', 'Han yu pin yin', 'Er tong du wu', 'Translations into Chinese', 'Suo xie ben', 'Chinese language materials', 'Ying yu', 'Dui zhao du wu', 'Han yu', 'Pictorial works', 'Robots, fiction', 'Science fiction', 'Criticism and interpretation', 'Wizard of Oz (Baum, L. Frank)', 'Fiction, general', 'Film adaptations', 'Oz (Imaginary place) -- Juvenile fiction', 'Fantasy literature', 'Courage -- Juvenile fiction', 'Home -- Juvenile fiction', 'Good and evil -- Juvenile fiction', 'Dreams -- Juvenile fiction', 'Gale, Dorothy (Fictitious character) -- Juvenile fiction', 'Cowardly Lion (Fictitious character) -- Juvenile fiction', 'Cyclones -- Juvenile fiction', 'Scarecrow (Fictitious character from Baum) -- Juvenile fiction', 'Toto (Fictitious character) -- Juvenile fiction', 'Witches -- Juvenile fiction', 'Wizard of Oz (Fictitious character) -- Juvenile fiction', 'Tin Woodman (Fictitious character) -- Juvenile fiction', 'Adventure and adventurers, fiction', 'Witches, fiction', 'Scarecrow (Fictitious character : Baum)', 'Tin Woodman (Fictitious character)', 'Cowardly Lion (Fictitious character)', 'Oz (Lieu imaginaire)', 'Romans, nouvelles, etc. pour la jeunesse', 'Friendship, fiction', 'People with disabilities, fiction', 'Great britain, fiction', 'American fiction (fictional works by one author)', 'Picture books', 'Fables', 'Toto (Fictitious character)', 'Good and evil', 'Motion picture plays', 'Juvenile drama', 'JUVENILE FICTION / Fantasy & Magic', 'Fiction, action & adventure', 'Jeugdboeken ; verhalen', 'Literature and fiction (general)', 'Drama', 'Illustrations', 'Long Now Manual for Civilization']","['children', 'science fiction', 'fantasy']",N/A,0,552443,open,N/A,3.9545454545454546,110,[]
3,,,The Time Machine,H. G. Wells,1895,1151,"['Self-experimentation in medicine in fiction', 'Fiction', 'Time travel in fiction', 'Dystopias in fiction', 'Literature', 'Scientists', 'Classic Literature', 'Open Library Staff Picks', 'Scientists in fiction', 'Space warfare', 'Self-experimentation in medicine', 'open_syllabus_project', 'English Science fiction', 'Dystopias', 'Time travel', 'Science fiction', 'Animal experimentation in fiction', 'Juvenile fiction', 'Comic and Graphic Books', 'Animal experimentation', 'Space warfare in fiction', 'Graphic novels', 'Comics & Graphic Novels', 'General', 'FICTION / Classics', 'Movie novels', 'FICTION / Science Fiction / Time Travel', 'Science fiction time travel', ""Children's fiction"", 'Time travel, fiction', 'British and irish fiction (fictional works by one author)', 'Fiction, science fiction, general', 'Fiction, dystopian', 'Fiction, action & adventure', 'Literature and fiction, science fiction', 'Cartoons and comics', 'Space and time, fiction', 'Short stories', 'English fiction', 'Texts', 'Easy reading materials', 'Space and time', 'Child and youth fiction', 'Comics & graphic novels, science fiction', 'Comics & graphic novels, literary', 'English literature', 'Coloring books', 'Color, juvenile literature', 'Adaptations', 'Comic books, strips', 'Inventors', 'Imaginary wars and battles', 'Science-fiction', 'Romans', 'Voyages dans le temps', 'Romans, nouvelles, etc. pour la jeunesse', 'Fiction, historical, general', 'Dictionaries', 'English language', 'Spanish', 'German', 'French', 'Korean', 'Time machine (Wells, H. G.)', 'Fantasy fiction', 'Fiction, psychological', 'Scientists, fiction', 'Romans, nouvelles', 'Dystopies', 'Viaje a través del tiempo', 'Novela', 'Ciencia-ficción', 'Distopías', 'Wells, h. g. (herbert george), 1866-1946', 'Fiction, general', 'Time travel -- Fiction', 'Space and time -- Fiction', 'Voyages dans le temps -- Romans, nouvelles, etc', 'Long Now Manual for Civilization']",['science fiction'],N/A,0,9009316,open,N/A,3.869565217391304,92,[]
4,,,The Lost World,Arthur Conan Doyle,1900,747,"['Adventure stories', 'Atlantis', 'Dinosaurs', 'Discovery and exploration', 'English Detective and mystery stories', 'Fiction', 'Fiction in French', 'Prehistoric peoples', 'Professor Challenger (Fictitious character)', 'Scientific expeditions', 'Translations into Czech', 'Translations into Russian', 'Science fiction', 'Fantasy', 'Discoveries in geography', ""Children's fiction"", 'Dinosaurs, fiction', 'Fiction, fantasy, general', 'Fiction, action & adventure', 'Challenger, professor (fictitious character), fiction', 'South america, fiction', 'Books and reading', 'Public libraries', 'Activity programs', 'Criticism and interpretation', 'Reading promotion', ""Young adults' libraries"", 'Westminster Libraries and Archives', 'Youth', 'Lost world (Doyle, Arthur Conan)', 'Children', 'British and irish fiction (fictional works by one author)', 'Fiction, science fiction, general', 'Scientists, fiction', 'English literature', 'Fiction, historical, general', 'Romans, nouvelles', 'Dinosaures', 'Challenger, Professor (Personaje literario)', 'Novela', 'Pueblos prehistóricos', 'Dinosaurios', 'Adventure and adventurers, fiction', 'Fiction, general', 'Challenger, Professor (Fictitious character) -- Fiction', 'Fantasy fiction', 'South America -- Fiction', 'Prehistoric peoples -- Fiction', 'Dinosaurs -- Fiction', 'Literature and fiction, action and adventure', 'New York Times reviewed', 'Prehistoric peoples, fiction', 'Scientific expeditions, fiction', 'South America', 'English Fantasy fiction', 'Long now manual for civilization']","['children', 'fantasy', 'science fiction']",N/A,0,8231444,open,N/A,3.914285714285714,35,[]
5,,,Dracula,Bram Stoker,1897,730,"['Count Dracula (Fictitious character)', 'Dracula, Conde (Personaje literario)', 'Dracula, Count (Fictitious character)', 'English language', 'English literature', 'Fiction', 'Horror', 'Horror stories', 'Horror tales', 'Monsters', 'Thriller', 'Vampires', 'Vampires in literature', 'Horror fiction', 'Irish authors', 'Epistolary novels', 'Romanians', 'British', 'Psychological fiction', 'Transylvania (Romania)', 'Textbooks for foreign speakers', 'Readers for new literates', ""Children's fiction"", 'Romania, fiction', 'England, fiction', 'Vampires, fiction', 'Fiction, horror', 'Dracula, count (fictitious character), fiction', 'British and irish fiction (fictional works by one author)', 'Cartoons and comics', 'Fiction, fantasy, general', 'Adaptations', 'Fiction, gothic', 'Dictionaries', 'French', 'German', 'Spanish', 'Juvenile fiction', ""Children's stories"", 'Literature', 'Comics & graphic novels, horror', 'Comic books, strips, etc.', 'Comics & graphic novels, literary', 'Stoker, bram, 1847-1912', 'Horror tales, history and criticism', 'Fiction, psychological', 'Fiction, historical, general', 'Film and video adaptations', 'English Horror tales', 'History and criticism', 'County Dracula (Fictitious character)', 'Vampiros', 'Novela', 'Dracula (Personaje literario)', '18.05 English literature', 'Count Dracula (Fictional character)', 'Fiction, ghost', 'Literature, study and teaching', 'Irish fiction', 'Dracula (Stoker)', 'Dracula i litteraturen', 'Dracula (Stoker, Bram)', 'Literary criticism', 'Gothic literature', 'British and irish drama (dramatic works by one author)', 'Dracula, count (fictitious character), drama', 'l', 'English language, rhetoric', 'Report writing', 'Science fiction, fantasy, horror', 'Drama', 'Science fiction', 'Romans, nouvelles', 'Classics', 'Action & adventure', 'Large type books', 'Temples', 'Legends', 'Religion', 'Long Now Manual for Civilization']","['science fiction', 'thriller', 'horror']",N/A,0,12216503,open,N/A,4.046357615894039,151,[]
6,,349211640X,Brave New World,Aldous Huxley,1932,675,"['Utopias', 'Brainwashing', 'Moral and ethical aspects of Science', 'Fiction', 'Science and state', 'Social problems', 'Passivity (Psychology)', 'Culture', 'Propaganda', 'Genetic engineering', 'Science', 'English fiction', 'Science fiction', 'Dystopias', 'Totalitarianism', 'Collectivism', 'Control (Psychology)', 'History and criticism', 'Ciencia-ficción', 'Lavado de cerebro', 'Ficción', 'Science-fiction anglaise', 'Science-fiction', 'Reading Level-Grade 9', 'Reading Level-Grade 11', 'Reading Level-Grade 10', 'Reading Level-Grade 12', 'Gesellschaft', 'Moral and ethical aspects', 'Totalitarismus', 'Ethics', 'British and irish fiction (fictional works by one author)', 'Fiction, psychological', 'Fiction, political', 'Fiction, science fiction, general', 'Long Now Manual for Civilization', 'Spanish fiction', 'Capitalism', 'Dystopia', 'satire', 'class systems', 'London', 'future', 'capitalist civilization', 'English Science fiction', 'Large type books', 'Psychological fiction', 'Political fiction', 'Classics', 'Dystopian', 'New York Times reviewed', 'Fiction, general', 'English literature', 'American fiction (fictional works by one author)', 'Control (Psicología)', 'Aspectos morales y éticos', 'Ciencia y Estado', 'Ciencia', 'collectionID:ConroeChallenge', 'Audiobooks', 'Atomic bomb', 'Desertification', 'Radioactive pollution', 'Environmental aspects', 'Nature', 'Effect of human beings on', 'Realism in literature', 'Fiction in english']","['dystopian', 'science fiction']",N/A,0,8231823,borrow_unavailable,N/A,3.949275362318841,414,[]
7,,N/A,The Iron Heel,Jack London,1907,594,"['Revolutions, fiction', 'Oligarchy, fiction', 'Utopias,  fiction', 'Revolutionaries, fiction', 'Dysyopias, fiction', 'Science Fiction', 'Socialism,  fiction', 'Classic Literature', 'American fiction (fictional works by one author)', 'Fiction, political', 'Fiction, historical', 'United States, fiction', 'Political fiction']",['science fiction'],N/A,0,8243314,N/A,N/A,3.5,20,[]
8,,N/A,Flatland,Edwin Abbott Abbott,1884,543,"['Fourth dimension', 'Fiction, general', 'Open Library Staff Picks', 'Denkbeeldige landen', 'Film and video adaptations', 'Meetkunde', 'Science Fiction', 'Geometry', 'Film adaptations', 'Fiction', 'Imaginary places', 'Historical Fiction', 'Mathematics', 'Classic Literature', 'Specimens', 'Dimension 4.', 'Reading Level-Grade 11', 'Reading Level-Grade 12', 'Large type books', 'English Science fiction', 'Wit and Humor as Topic', 'Long Now Manual for Civilization', 'Readers (Secondary)', 'Examinations', 'SAT (Educational test)', 'Vocabulary tests', 'Study guides', 'English language', 'Fiction, action & adventure', 'Fiction, humorous, general', 'Fiction, fantasy, general', 'England, fiction', 'Spirituality', 'Spiritual life', 'Sphere', 'Expanding universe', 'Drama', 'Utopias', 'Fiction, science fiction, general', 'homeschool curriculum', 'learn math', 'Physics', 'Fiction & literature classics', 'World literature', 'Fiction subjects', 'Science fiction & fantasy']","['science fiction', 'historical fiction']",N/A,0,10069547,N/A,N/A,3.90625,96,[]
9,,9787201106380,Nineteen Eighty-Four,George Orwell,1949,433,"['futurology', 'censorship', 'surveillance', 'rebels', 'sting operations', 'historical negationism', 'memory holes', 'thoughtcrime', 'Outer Party', 'resistance movements', 'Newspeak', 'perpetual war', 'telescreens', 'cult of personality', 'Ingsoc', 'Satirical literature', 'English science fiction', 'FICTION CLASSICS', 'CLASSICS', 'CONTEMPORARY FICTION', 'Man-woman relationships', 'Politique', 'Political fiction', 'Totalitarisme', 'Fiction', 'Romans', 'Facsimiles', 'Totalitarismo', 'Husbands', 'Classic Literature', 'Manuscripts', 'Novela política', 'Middle aged men', 'Insurance agents', 'open_syllabus_project', 'Distopías', 'Dystopias', 'Ficción', 'Ciencia-ficción', 'Cautionary tales and verse', 'Dystopias in literature', 'Suburban life', 'English fiction', 'Totalitarianism', 'Indic fiction (English)', 'Science Fiction', 'Traducciones al español', 'Novela', 'Novela inglesa', 'Zukunft', 'Polizeistaat', 'English Political fiction', 'Totalitarianism and literature', 'History and criticism', 'Reading Level-Grade 11', 'Reading Level-Grade 12', 'British and irish fiction (fictional works by one author)', 'London (england), fiction', 'Fiction, political', 'Fiction, dystopian', 'Fiction, science fiction, general', 'English literature', 'Correspondence', 'Journalists', 'English Authors', 'Correspondence..', 'Authors and publishers', 'Fiction, short stories (single author)', 'British and irish drama (dramatic works by one author)', 'Brainwashing', 'Authoritarianism', 'NOVELAS INGLESAS', 'Fiction, historical, general', 'Political science', 'Satire', 'Romans, nouvelles', 'Literature', 'Fiction, general', 'Psychological fiction', 'Drama', 'Dystopian plays', 'Essays', 'Literary', 'Nationalism', 'Lexicography', 'Language & literary studies', 'English manuscripts', 'Translations into russian', 'Translations into urdu', 'Fantasy', 'Translations into spanish', 'Nineteen eighty-four (orwell, george)', 'Translating and interpreting', 'Comic books, strips', 'Adaptations', 'Totalitarianism--fiction', 'Pr6029.r8 n49 2003', 'Long now manual for civilization']","['fantasy', 'science fiction']",N/A,0,9267242,borrow_unavailable,N/A,4.279503105590062,322,[]
10,,N/A,The War of the Worlds,H. G. Wells,1898,429,"['Imaginary wars and battles', 'Juvenile fiction', 'Space warfare', 'Science Fiction & Fantasy', 'Fiction', 'Diseases', 'Martians', 'Invasions', 'Classic Literature', 'Open Library Staff Picks', 'open_syllabus_project', 'English Science fiction', 'Imaginary wars and battles in literature', 'Mars (Planet)', 'Science fiction', 'Space vehicles', 'Earth', 'Romance Ingles', 'Fiction, science fiction, general', 'British and irish fiction (fictional works by one author)', 'Fiction, fantasy, general', ""Children's fiction"", 'Examinations', 'Vocabulary', 'SAT (Educational test)', 'English language', 'Study guides', 'Fiction, action & adventure', 'Life on other planets', 'War stories', 'Extraterrestrial beings, fiction', 'Outer space, fiction', 'Literature', 'English literature', 'Seres extraterrestres', 'Extraterrestrial beings', 'Ficcion', 'Guerra espacial', 'Fiction, science fiction, action & adventure', 'Human-alien encounters', 'Comic books, strips', 'Wells, h. g. (herbert george), 1866-1946', 'Adaptations', 'Graphic novels', 'Aladdin (legendary character), fiction', 'War, fiction', 'Adventure and adventurers, fiction', 'Guerras imaginarias', 'Novela', 'Guerra', 'Life on other planets, fiction', 'Fiction, war & military', 'Imaginary wars and battles -- Fiction', 'Space warfare -- Fiction', 'Mars (Planet) -- Fiction', 'Imaginary wars and battles--fiction', 'Space warfare--fiction', 'Pr5774 .w3 2005dx', '823.912', 'Long Now Manual for Civilization']",['science fiction'],N/A,0,36314,error,N/A,3.816901408450704,142,[]
11,,,The Invisible Man,H. G. Wells,1897,416,"['Ciencia-ficción', 'Classic Literature', 'Fiction', 'Mentally ill', 'Science Fiction & Fantasy', 'Science fiction', 'Scientists', 'English Science fiction', 'Experiments', 'Adaptations', 'Time travel', 'British and irish fiction (fictional works by one author)', 'England, fiction', 'Scientists, fiction', ""Children's fiction"", 'Mystery and detective stories', 'Literature and fiction, science fiction', 'Fiction, science fiction, general', 'English literature', 'English fiction, history and criticism, 20th century', 'Wells, h. g. (herbert george), 1866-1946', 'FICTION / Classics', 'FICTION / Science Fiction / General', 'FICTION / Horror', 'Juvenile fiction', 'Science', 'Roman pour la jeunesse', 'Comic and Graphic Books', 'Cartoons and comics', 'Comic books, strips', 'Animal experimentation', 'English language', 'French', 'Korean', 'German', 'Fiction, general', 'Fiction, historical, general', 'Elementary education of adults', 'Reading, remedial teaching', 'Spanish language', 'Readers', 'Horror tales', 'Psychological fiction', 'Scientists -- Fiction', 'Mentally ill -- Fiction', 'Science -- Experiments -- Fiction', 'Science -- Experiments', 'Long Now Manual for Civilization']",['science fiction'],N/A,0,6419199,open,N/A,3.8351648351648353,91,[]
12,,N/A,The Princess and Curdie,George MacDonald,1832,415,"['Fairy tales', 'Princesses', 'Fiction', 'Fiction, general', 'Princesses, fiction', ""Children's fiction"", 'General', 'Juvenile Fiction', 'Fiction - General', 'Children: Kindergarten', 'Fairy Tales & Folklore - General', 'Classic fiction', 'Science fiction', 'Classics', 'Science Fiction, Fantasy, & Magic', ""Children's 9-12 - Literature - Classics / Contemporary"", 'Magic, fiction']",['science fiction'],N/A,0,14357835,N/A,N/A,3.4,5,[]
13,,0665774982,Vingt mille lieues sous les mers,"Jules Verne, Serge Micheli, Francois Riviere",1870,382,"['Toy and movable books', 'Fiction', 'Specimens', 'Underwater exploration', 'French language', 'Submarine boats', 'Translations from French', 'Submarines', ""Children's stories, French"", 'Underwater exploration in fiction', 'Sea stories', 'Adaptations', 'Open Library Staff Picks', ""Children's stories, English"", 'Submarinos', 'Science fiction', 'Submarines (Ships)', 'Adventure stories', '20,000 leagues under the sea', 'French fiction', 'French Adventure stories', 'Juvenile fiction', 'Translations into English', 'Verne, Jules,', 'Ficción juvenil', 'Verne, Jules, 1828-1905', 'Exploraciones submarinas', 'Long Now Manual for Civilization', 'Verne, Jules, (1828-1905)', 'Adventure and adventurers', 'French Science fiction', 'Reading Level-Grade 11', 'Reading Level-Grade 10', 'Reading Level-Grade 12', 'Continental european fiction (fictional works by one author)', 'Fiction, fantasy, general', 'Fiction, action & adventure', 'Fiction, sea stories', 'Fiction, science fiction, general', ""Children's fiction"", 'Submarines (ships), fiction', 'Literature and fiction, juvenile', 'Juvenile literature', 'Ship captains', 'Motion Pictures', 'Walt Disney', 'Movies', 'Adventure', 'Films', 'Disney', 'Classic Literature', 'Thriller', 'Science Fiction & Fantasy', 'Young Adult Fiction', 'Maritime fiction', 'Comics & graphic novels, science fiction', 'Readers', 'Sea', 'Adventure and adventurers, fiction', 'Readers for new literates', 'Romance literature', 'Underwater exploration, fiction', 'High interest-low vocabulary books', 'Récits de mer', 'Sous-marins', 'Romans, nouvelles', 'Anglais (Langue)', 'Lectures et morceaux choisis pour nouveaux alphabétisés', 'Livres de lecture facile', 'Illustraties', 'Frans']","['thriller', 'science fiction', 'adventure']",N/A,0,6573517,open,N/A,4.119047619047619,42,[]
14,,,The Strange Case of Dr. Jekyll and Mr. Hyde,Robert Louis Stevenson,1875,360,"['Fiction', 'Physicians', 'Physicians in fiction', 'Multiple personality in fiction', 'Multiple personality', 'Self-experimentation in medicine in fiction', 'Self-experimentation in medicine', 'Ficción', 'Médicos', 'Novela de terror', 'Personalidad múltiple', 'Supernatural in fiction', 'Supernatural', 'Horror stories', 'Horror fiction', 'Conduct of life', 'London (England)', 'Science Fiction & Fantasy', 'England in fiction', 'Scottish Horror tales', 'Mystery and detective stories', 'Horror', 'Classic Literature', 'Open Library Staff Picks', 'open_syllabus_project', 'Conduct of life in fiction', 'Juvenile fiction', 'History and criticism', 'Horror tales', 'English fiction', 'Social conditions', 'Good and evil', 'Strange case of Dr. Jekyll and Mr. Hyde (Stevenson, Robert Louis)', 'Paranormal fiction', 'Allegories', 'British and irish fiction (fictional works by one author)', 'Jekyll, doctor (fictitious character), fiction', 'Physicians, fiction', 'England, fiction', 'London (england), fiction', 'Fiction, horror', 'Fiction, psychological', 'Fiction, short stories (single author)', ""Children's fiction"", 'Supernatural, fiction', 'Good and evil, fiction', 'English literature', 'Military, medieval', 'History', 'Frankenstein (fictitious character), fiction', 'Geneva (switzerland), fiction', 'Scientists, fiction', 'English Horror tales', 'Short stories', 'Children: Grades 4-6', 'Bien y mal', 'Novela', 'Graphic novels', 'Comic books, strips, etc.', 'Psychological fiction', 'Monsters', 'Science fiction', 'Inglés (Lengua)', 'Lecturas adaptadas', 'Textos para extranjeros', 'English', 'Modern Literature', 'Medicine, fiction', 'British and irish drama (dramatic works by one author)', 'Adaptations', 'Comic books, strips', 'Comics & graphic novels, horror', 'Comics & graphic novels, literary', 'Russian language materials', 'Poésie française', 'Anthologies', 'Gothic fiction (Literary genre), English', 'Médecins', 'Romans, nouvelles', 'Personnalité multiple', ""Récits d'horreur"", 'Murderers', 'Spanish language materials', 'Asesinos', 'Novela juvenil', 'Cuentos de terror', 'Self-experiment in medicine', 'Long Now Manual for Civilization']","['science fiction', 'horror']",N/A,0,295773,open,N/A,3.8916666666666666,120,[]
15,,N/A,The Poison Belt,Arthur Conan Doyle,1913,345,"['Professor Challenger (Fictitious character)', 'Fiction', 'Classic Literature', 'Science Fiction', 'British and Irish fiction (fictional works by one author)', 'Fiction, science fiction, general', 'Fiction, science fiction, action & adventure', 'Challenger, professor (fictitious character), fiction', 'English Science fiction', 'Large type books', 'Fiction, mystery & detective, general', 'Black death', 'Chorea, epidemic', 'Fiction, action & adventure', 'Fiction, mystery & detective, traditional']",['science fiction'],N/A,0,5788361,error,N/A,4.5,4,[]
16,,N/A,The Island of Dr. Moreau,"H. G. Wells, Fiona Beddall, Dobbs, Fabrizio Fiorentino, David Domínguez, Jonathan Kent, Margaret Atwood, Judit Lligonya Tenasen, Manuel Rivas Cabezuelo, Amaia Gurbindo, Judit Lligonya Tenas, Marta Seoane Rebollo",1896,273,"['Islands', 'Survival after airplane accidents, shipwrecks', 'Fiction', 'Animal experimentation', 'Horror stories', 'Fiction, science fiction, general', 'English literature', 'Science fiction', 'Occultism', 'English Science fiction', 'Shipwreck survival', 'Animal experimentation -- Fiction', 'British and irish fiction (fictional works by one author)', 'Large type books', 'Island of Dr. Moreau (Motion picture : 1977)', 'Science', 'Ethics', 'Shipwreck survival -- Fiction', 'Islands -- Fiction', ""Children's fiction"", 'Cartoons and comics', 'Animals, fiction', 'Survival', 'Supervivencia después de accidentes aéreos, naufragios', 'Novela', 'Experimentacion animal', 'Islas', 'Habiletés de survie', 'Romans, nouvelles', 'Expérimentation animale', 'Îles', 'Supervivencia (después de accidentes aéreos, naufragios, etc.)', 'Fiction, general', 'Shipwrecl survival', 'Wells, h. g. (herbert george) , 1866-1946', 'Animal experimentation--fiction', 'Pr5774 .i8 2005', '823.912', 'Pr5774 .i8 1993b', '823/.912', 'Shipwrecks, fiction', 'Readers', 'Shipwrecks', 'Comic books, strips', 'Long Now Manual for Civilization']",['science fiction'],N/A,0,968312,error,N/A,3.6744186046511627,43,[]
17,,7536671490,Fahrenheit 451,Ray Bradbury,1953,255,"['Mechanical Hound', 'girl next door', 'Long Now Manual for Civilization', 'Terrorismo estatal', 'Censura', 'Novela', 'Totalitarismo', 'science fiction', 'political fiction', 'satire', 'Zukunft', 'State-sponsored terrorism', 'Totalitarianism', 'Book burning', 'Censorship', 'Fiction', 'American Science fiction', 'Fictional Works', 'Terrorism', 'Reading Level-Grade 7', 'Reading Level-Grade 9', 'Reading Level-Grade 8', 'Reading Level-Grade 11', 'Reading Level-Grade 10', 'Reading Level-Grade 12', 'Fiction, dystopian', 'Fiction, science fiction, general', 'Fiction, political', 'Drama', 'Large type books', 'American literature', 'award:retro_hugo', 'Terrorismo', 'Totalitarianisms', 'Bücherverbrennung', ""Terrorisme d'État"", 'Romans, nouvelles', 'Totalitarisme', 'Autodafé de livres', 'Zhang pian xiao shuo', 'Education', 'Language arts', 'Fiction, horror', 'Science fiction, american', 'Book burning--fiction', 'Censorship--fiction', 'State-sponsored terrorism--fiction', 'Totalitarianism--fiction', 'Ps3503.r167 f3 2012', '813/.54']",['science fiction'],N/A,0,12993656,borrow_unavailable,N/A,3.962121212121212,396,[]
18,,,The Secret Agent,Joseph Conrad,1907,255,"['Anarchists, fiction', 'Conspiracies, fiction', 'Bombings, fiction', 'Terrorism, fiction', 'Royal Greenwich Observatory, fiction', 'Drama', 'Trading companies', 'Dutch', 'Classic Literature', 'Moles (Spies)', 'Political', 'British and Irish fiction (fictional works by one author)', 'English literature', 'Africa, fiction', 'Fiction, psychological', 'London (England), fiction', 'Fiction, political', 'Large type books', 'English Romances', 'Romance Ingles', 'English fiction', 'Drama (dramatic works by one author)', 'Terrorists, fiction', 'Fiction, thrillers, espionage', 'Jewish', 'Christian', 'Biographical', 'Medical', 'Suspense', 'Science Fiction', 'Religious', 'Psychological', 'Occult & Supernatural', 'Mystery & Detective', 'Hard-Boiled', 'Historical', 'Fantasy', 'Classics', 'Modern & contemporary fiction (post c 1945)', 'Radicalism', 'Collected works (single author, multi-form)', 'Fiction, mystery & detective, general', 'Novela policíaca inglesa', 'American fiction (fictional works by one author)', 'England, fiction', ""Children's fiction"", 'Mystery and detective stories', 'Conrad, Joseph, 1857-1924. Secret agent', 'Conrad, Joseph', 'Secret agent (Conrad, Joseph)', 'Conspiration -- Romans, nouvelles, etc', 'Anarchistes -- Romans, nouvelles, etc', 'Attentats à la bombe -- Romans, nouvelles, etc', 'Play', 'Terrorism', 'Fiction', 'Conspiracies', 'Anarchists', 'Bombings', 'Royal Greenwich Observatory']","['fantasy', 'science fiction']",N/A,0,8239401,open,N/A,3.4285714285714284,14,[]
19,,N/A,At The Earth's Core And Out Of Time's Abyss,Edgar Rice Burroughs,1914,223,"['American Science fiction', 'Classic Literature', 'Core', 'Earth', 'Fiction', 'Juvenile Fiction', 'Science Fiction & Fantasy', 'Science fiction', 'Fiction, science fiction, action & adventure', 'Fantasy fiction', 'Planets', 'Fiction, general', 'Adventure stories', 'Earth (Planet) -- Core -- Fiction', 'Fiction, science fiction, general', 'Fiction, action & adventure', 'American literature']",['science fiction'],N/A,0,9317372,error,N/A,3.25,4,[]
20,,N/A,The warlord of Mars #3,"Edgar Rice Burroughs, Jim Killavey, Paula Paula",1919,212,"['Classic Literature', 'Fiction', 'Historical Fiction', 'Science Fiction', 'Dejah Thoris (Fictitious character)', 'real science fiction', 'John Carter', 'Mars', 'Martian series', 'tharks', 'throats', 'sward', 'ochre', 'Helium', 'airships', 'glass needles', 'air guns', 'swords', 'gravity', 'Apache', 'desert', 'astral travel', 'U.S. Calvary', 'Fiction, science fiction, action & adventure', 'Barsoom (imaginary place), fiction', 'Carter, john (fictitious character), fiction', 'Fiction, science fiction, general', 'Fiction, action & adventure', 'John Carter (Fictitious character)', 'Large type books']","['science fiction', 'historical fiction']",N/A,0,207141,error,N/A,4.5,8,[]
21,,N/A,Мы,"Евгений Иванович Замятин, Gary Kern, Alejandro Ariel González, Tavo Montañez, Sergio Hernández-Ranera Sánchez, Zilboorg Gregory, Alexander Glinka",1924,209,"['Literature: Texts', 'Untranslated Fiction - General', 'Literature - Classics / Criticism', 'Literary Criticism', 'Russian & Former Soviet Union', 'Fiction, science fiction, general', 'Fiction, dystopian', 'Classic Literature', 'Fiction', 'Science Fiction', 'Political fiction', 'Dystopias', 'Russian fiction', 'Russian prose', 'totalitarianism', 'Russian satire', 'dystopia', 'Russian language materials', 'Authoritarianism', 'Modern fiction', 'Russian Novel And Short Story', 'Literary', 'Fiction / Literary', 'Continental european fiction (fictional works by one author)', 'Corrupt practices', 'Political science', 'Electronic surveillance', 'Criticism and interpretation', 'Fiction, general', 'Soviet union, fiction', 'Biography', 'My (Zami︠a︡tin, Evgeniĭ Ivanovich)', 'Science fiction, Russian', 'Russian Science fiction', 'Group identity', 'Pg3476.z34 m913 1983', 'Russian fiction--20th century', 'Satire, russian', 'Totalitarianism and literature', 'Pg3476.z34 m913 2006', '891.73/42', 'Fiction, romance, general', 'Translations into English', 'Utopias']","['science fiction', 'biography']",N/A,0,5484189,error,N/A,4.085714285714285,35,[]
22,,N/A,"Thuvia, Maid of Mars","Edgar Rice Burroughs, Craig Trahan, Eric King, J. Allen St. John",1916,207,"['American Science fiction', 'Fiction', 'Science fiction, American', 'Science Fiction', 'Classic Literature', 'John Carter (Fictitious character)', 'Martians', 'Fiction, science fiction, general', 'Fiction, science fiction, action & adventure', 'Barsoom (imaginary place), fiction', 'Carter, john (fictitious character), fiction', 'Extraterrestrial beings', 'American literature', 'Martians -- Fiction', 'Mars (Planet) -- Fiction', 'Mars (Planet)', 'Fiction, action & adventure']",['science fiction'],N/A,0,284442,error,N/A,4.428571428571429,7,[]
23,,N/A,A Princess of Mars,Edgar Rice Burroughs,1917,207,"['John Carter (Fictitious character)', 'Fiction', 'Classic Literature', 'Dejah Thoris (Fictitious character)', 'Princesses', 'Princesses in fiction', 'Science fiction', 'Translations into Russian', 'Fantasy', 'Barsoom', 'Large type books', 'Fiction, science fiction, action & adventure', 'Carter, john (fictitious character), fiction', 'Barsoom (imaginary place), fiction', 'Fiction, science fiction, general', 'Fiction, action & adventure', 'Social life and customs', 'Folklore', 'Music and dance', 'Manners and customs', 'American literature', 'Fiction, romance, science fiction', 'Fiction, thrillers, suspense', 'American Science fiction', 'Romans, nouvelles', 'Carter, John (Fictitious character)--Fiction', 'Dejah Thoris (Fictitious character)--Fiction', 'Princesses--Fiction', 'Mars (Planet)--Fiction']","['fantasy', 'science fiction']",N/A,0,207226,error,N/A,3.966666666666667,30,[]
24,,N/A,The Napoleon of Notting Hill,Gilbert Keith Chesterton,1904,206,"['Fiction', 'Classic Literature', 'Science Fiction', 'Politics and government', 'English fiction', 'Political fiction', 'Fantastic fiction', 'London (england), fiction', 'British and irish fiction (fictional works by one author)', 'Fiction, political', 'Fiction, fantasy, general', 'Translations into Russian', 'Fiction, general', 'Fantasy fiction', 'Notting Hill (London, England) -- Fiction']",['science fiction'],N/A,0,6980094,error,N/A,4.25,4,[]
25,,2013211457,Voyage au Centre de la Terre,Jules Verne,1867,204,"['Fiction', 'Science fiction', 'Imaginary Voyages', 'Imaginary voyages in fiction', 'Explorers in fiction', 'Explorers', 'Cartoons and comics', 'Adventure and adventurers', 'Adventure and adventurers in fiction', 'French Science fiction', 'Voyages and travels', 'Earth in fiction', 'Core', 'Juvenile fiction', 'Voyages and travels in fiction', 'Ciencia-ficción', 'Earth', 'Vietnamese language books', 'Classic Literature', 'Thriller', 'Fiction, science fiction, action & adventure', 'Lidenbrock, professor (fictitious character), fiction', 'Fiction, science fiction, general', 'Large type books', 'Planets', 'Geology', 'Internal structure', 'Fantasy fiction', 'Adventure stories', 'Volcanoes', 'Leprosy', 'Patients', 'French fiction', 'Professor Lidenbrook (Fictitious character)', ""Children's fiction"", 'Adventure and adventurers, fiction', 'Volcanoes, fiction', 'Fiction, action & adventure', 'Illustraties', 'Frans', 'Viajes', 'Núcleo', 'Adventures and adventurers', 'Aventuras', 'Tierra', 'Ficción', 'Earth (Planet) -- Core -- Fiction', 'Voyages, Imaginary -- Fiction', 'Long Now Manual for Civilization']","['thriller', 'science fiction']",N/A,0,5890987,open,N/A,3.971014492753623,69,[]
26,,N/A,The food of the gods and how it came to earth,H. G. Wells,1900,194,"['Fiction', 'Giants', 'Growth factors', 'Food supply', 'Science fiction', 'Agriculture', 'Experimentation', 'Fiction, science fiction, general', 'British and irish fiction (fictional works by one author)', 'Scientists', 'Artificial foods', 'English literature', 'English fiction', 'English Science fiction', 'Giants -- Fiction']",['science fiction'],N/A,0,314687,error,N/A,3.2222222222222223,9,[]
27,,N/A,The wood beyond the world,"William Morris, William Norris, William, Morris, William Morris, William William Morris, WILLIAM MORRIS, Random House",1894,192,"['Classic Literature', 'Fantasy', 'Fiction', 'English fiction', 'British and irish fiction (fictional works by one author)', 'Fiction, fantasy, general', 'English Fantasy fiction', 'Imaginary places', 'Quests (Expeditions)', 'Fantasy fiction', 'Science fiction', 'English literature', 'Private presses']","['fantasy', 'science fiction']",N/A,0,5895767,error,N/A,3.6,5,[]
28,,N/A,When the Sleeper Awakes,H. G. Wells,1899,188,"['Fiction', 'Twenty-first century', 'Technological innovations', 'Time travel', 'Science fiction', 'Literature', 'Classic Literature', 'British and irish fiction (fictional works by one author)', 'Fiction, fantasy, general', 'Fiction, science fiction, general', 'Dystopias', 'English literature', 'Twenty-second century']",['science fiction'],N/A,0,574886,error,N/A,3.4285714285714284,7,[]
29,,,De la terre à la lune,Jules Verne,1865,167,"['Continental european fiction (fictional works by one author)', 'Fiction, science fiction, general', 'Ciencia-ficción', 'French language', 'Imaginary Voyages', 'Readers', 'French Science fiction', 'Voyages and travels', 'Fiction', 'Large type books', 'Space ships', 'Manned space flight', 'Space race', 'Space flight to the moon', 'Science fiction', 'Illustraties', 'Frans', 'Science fiction, French - Translations into English', 'Engineering mathematics', 'Juvenile fiction', 'Long Now Manual for Civilization']",['science fiction'],N/A,0,5943556,open,N/A,3.7777777777777777,18,[]
30,,N/A,R.U.R. and The insect play,"Karel Čapek, Josef Čapek",1920,147,"['Czech drama', 'Fiction', 'Science Fiction', 'Drama', 'Technological innovations', 'Robots', 'Technological unemployment', 'Continental european drama (dramatic works by one author)', 'General', 'Languages & Literatures', 'Slavic, Baltic and Albanian Languages & Literatures', 'Robots -- Drama', 'Science fiction plays', 'Czech drama -- Translations into English', 'Science fiction']",['science fiction'],N/A,0,4291026,error,N/A,3.75,8,[]
31,,9785699909568,The Handmaid's Tale,Margaret Atwood,1985,146,"['brothels', 'Canadian authors', 'Canadian fantasy fiction', 'Canadian fiction (fictional works by one author)', 'Christian fundamentalism', 'Dystopian fiction', 'Dystopias', 'fantasy fiction', 'Fiction', 'Fiction, dystopian', 'Fiction, fantasy, general', 'handmaids', 'Large type books', 'Man-woman relationships', 'Man-woman relationships, fiction', 'military dictatorship', 'Misogyny', 'New York Times bestseller', 'nyt:e-book-fiction=2017-01-22', 'nyt:trade-fiction-paperback=2017-02-26', 'Old Testament', 'Political', 'political fiction', 'pregnancy', 'religious fanaticism', 'revolution', 'science fiction', 'Scrabble', 'Social aspects', 'theocracy', 'theonomy', 'totalitarianism', 'United States Congress', 'Women', 'Study guides', 'History and criticism', ""Handmaid's tale (Atwood, Margaret)"", 'Roman canadien de langue anglaise', 'Misogynie', 'collectionID:EanesChallenge', 'Romans, nouvelles', 'Femmes', 'collectionID:ConroeChallenge', 'FICTION / Dystopian', 'FICTION / Political', 'FICTION / Science Fiction', 'Teen fiction', 'World literature', 'Fiction subjects', 'Science fiction & fantasy', 'Comics & graphic novels, adaptations', 'Comics & graphic novels, literary', 'Comics & graphic novels, fantasy', 'Dystopian', 'Foreign relations', 'Neutrality', 'Long Now Manual for Civilization']","['dystopian', 'science fiction']",N/A,0,8231851,borrow_unavailable,N/A,3.9263157894736844,95,[]
32,,,The Martian Chronicles,Ray Bradbury,1950,137,"['American Science fiction', 'Ciencia-ficción', 'Drama', 'English Language Short stories', 'Ficción', 'Fiction', 'Interplanetary voyages', 'Translations into Russian', 'Bibliography', 'Science fiction', 'Fiction, science fiction, general', 'Space colonies', 'Long Now Manual for Civilization']",['science fiction'],N/A,0,9346537,borrow_unavailable,N/A,4.089108910891089,101,[]
33,,N/A,In the days of the comet,H. G. Wells,1906,136,"['Classic Literature', 'Collisions with Earth', 'Comets', 'Fiction', 'Fiction in English', 'Science fiction', 'Utopias', 'Fiction, science fiction, general', 'Fiction, political', 'British and irish fiction (fictional works by one author)', 'London (england), fiction', 'Fiction, historical, general']",['science fiction'],N/A,0,5783892,error,N/A,3.3333333333333335,3,[]
34,,9781856132664,A Clockwork Orange,Anthony Burgess,1962,132,"['bible', 'aversion therapy', 'unintended consequences', ""Beethoven's Fifth Symphony"", 'gang rape', 'psychiatric hospitals', 'maturity', 'metanoia', 'assault', 'joyriding', 'rape', 'metafiction', 'orgasm', 'novella', 'antisocial personality disorder', 'classical music', 'black comedy', 'argot', 'Nadsat', 'dystopias', 'satire', 'literature', 'Juvenile delinquents', 'Science fiction', 'Rehabilitation', 'Fiction', 'Teenage boys', 'Criminals', 'Sátira', 'Muchachos adolescentes', 'Criticism and interpretation', 'Criminales', 'English Authors', 'Open Library Staff Picks', 'Violence', 'Slang language', 'Gangs', 'Ciencia-ficción', 'Social conditions', 'Ficción', 'Behavior modification', 'Long Now Manual for Civilization', 'Juvenile delinquency', 'Brainwashing', 'Fiction, satire', 'Fiction, dystopian', 'Fiction, science fiction, general', 'British and irish fiction (fictional works by one author)', 'British and irish drama (dramatic works by one author)', 'Kubrick, stanley, 1928-1999', 'Burgess, anthony, 1917-1993', 'Clockwork orange (Motion picture)', 'Romance Ingles', 'English literature', 'Juvenile delinquents in fiction', 'Adventure stories', ""Roman d'aventures"", 'Délinquance juvénile', 'Romans, nouvelles', 'Jeunes délinquants', 'Réhabilitation', 'English Satire']",['science fiction'],N/A,0,13151224,borrow_unavailable,N/A,4.051724137931035,58,[]
35,,N/A,The Hunger Games,Suzanne Collins,2008,131,"['severe poverty', 'starvation', 'oppression', 'effects of war', 'self-sacrifice', 'Science fiction', 'Apocalyptic fiction', 'Dystopian fiction', 'Fiction', 'Juvenile works', 'Novels', 'Young adult works', 'Juvenile fiction', 'contensts', 'Young adult fiction', 'Game shows', 'Television programs', 'New York Times bestseller', 'Contests', 'nyt:series_books=2010-08-21', 'Long Now Manual for Civilization', 'Reality television programs', 'Television game shows', 'Survival', 'Interpersonal relations', 'Roman', 'Amerikanisches Englisch', 'Sisters', 'Young women', 'Dystopias', 'Survival skills', 'Blind', 'Books and reading', 'Reading Level-Grade 9', 'Reading Level-Grade 8', 'Reading Level-Grade 11', 'Reading Level-Grade 10', 'Reading Level-Grade 12', 'Survival Stories', 'Action & Adventure', ""Children's fiction"", 'Survival, fiction', 'Interpersonal relations, fiction', 'Contests, fiction', 'Television, fiction', 'Large type books', 'Future', 'violent', 'life risking', 'bravery.', 'Roman pour jeunes adultes', 'Habiletés de survie', ""Roman d'aventures"", 'Concours et compétitions', 'Relations humaines', 'Romans, nouvelles', 'Émissions televiseés', 'Spanish language materials', 'Supervivencia', 'Novela juvenil', 'Relaciones humanas', 'Programas de televisión', 'Concursos', 'Fantastische Erza\x98hlung', 'Fantastische Literatur', 'Action and adventure fiction', 'Contests Fiction', 'Fictional Work', 'Interpersonal relations Fiction', 'Jeux télévisés Romans, nouvelles, etc. pour la jeunesse', 'Reality television programs Fiction', 'Reality television programs Juvenile fiction', 'Romans', 'Survival Fiction', 'Survival skills Fiction', 'Television game shows Juvenile fiction', 'Television programs Fiction', 'Émissions télévisées', 'Novela', 'Televisión', 'Programas', 'Competencias', 'American fiction', 'Translations into Chinese', 'Chinese language materials', 'Romans, nouvelles, etc. pour la jeunesse', 'Literature and fiction, juvenile', 'Short stories', 'Fantasy fiction', 'American literature, study and teaching', 'Serie:The_Hunger_Games']",['science fiction'],N/A,0,12646537,error,N/A,4.097285067873303,442,[]
36,,N/A,On The Beach,"Nevil Shute, Gideon Haigh, G. C. Thornley, SparkNotes Staff, SparkNotes",1957,121,"['Atomic Bomb', 'English Science fiction', 'Fiction', 'Literature', 'Nuclear warfare', 'Roman', 'Juvenile fiction', 'United States', 'United States. Navy', 'Fiction, science fiction, general', 'Science fiction', 'Rock music, discography']",['science fiction'],N/A,0,997896,error,N/A,3.625,8,[]
37,,N/A,The Hitch Hiker's Guide to the Galaxy,Douglas Adams,1979,120,"['comic science fiction', 'Vogons', 'Humorous fiction', 'Imaginary voyages', 'wit and humour', 'Science Fiction', 'Interstellar travel', 'Fiction', 'Interplanetary voyages', 'Open Library Staff Picks', 'Life on other planets', 'Ford Prefect (Fictitious character)', 'Arthur Dent (Fictitious character)', 'Humorous stories', 'Viajes interplanetarios', 'Ficción', 'Language readers', 'Reading Level-Grade 11', 'Reading Level-Grade 12', 'Radio plays', 'English literature', 'Fiction, science fiction, general', 'Fiction, humorous', 'Dent, arthur (fictitious character), fiction', 'Prefect, ford (fictitious character), fiction', 'Fiction, science fiction, action & adventure', 'Christian life', 'Indians of North America', 'Science-fiction', 'Fiction, humorous, general', 'New age movement', 'Fiction, action & adventure', 'English language', 'Adventure', 'Humorous', 'Action & adventure', 'General', 'Space opera', 'English & college success -> english -> fiction', 'English & college success -> english -> humor']","['science fiction', 'adventure']",N/A,0,12986869,error,N/A,4.539568345323741,139,[]
38,,N/A,It Can't Happen Here,Sinclair Lewis,1935,119,"['Anti-fascist movements', 'Presidents', 'Newspaper editors', 'Fiction', 'Drama', 'Science fiction', 'Dictators', 'Fascists', 'Election', 'Presidents, united states, fiction', 'Vermont, fiction', 'Canada, fiction', 'Fiction, political', 'American fiction (fictional works by one author)', 'Fiction, historical, general', 'Fiction, war & military', 'Patriotism', 'Revolutions', 'Politics and government', 'Elections']",['science fiction'],N/A,0,12719018,error,N/A,3.764705882352941,17,[]
39,,2277113492,2001,Arthur C. Clarke,1968,116,"['Human-computer interaction', 'Computers', 'Fiction', 'Science fiction', 'Twenty-first century', 'Space vehicles', 'Long Now Manual for Civilization', 'English Science fiction', 'Fiction, science fiction, hard science fiction', 'Saturn', 'Jupiter', 'space travel', 'alien artifacts', 'human origins', 'High interest-low vocabulary books', 'Readers', 'Fiction, science fiction, general', 'English literature', 'HAL (Fictitious character)']",['science fiction'],N/A,0,11344400,borrow_unavailable,N/A,4.191666666666666,120,[]
40,,,Dune,Frank Herbert,1965,115,"['Dune (Imaginary place)', 'Fiction', 'Fiction, science fiction, general', 'Dune (imaginary place), fiction', 'New York Times reviewed', 'Science fiction', 'Science-fiction', 'American literature', 'nyt:mass-market-monthly=2021-11-07', 'New York Times bestseller', 'award:nebula_award=novel', 'nyt:trade-fiction-paperback=2021-11-07', 'Hugo Award Winner', 'award:hugo_award=1966', 'award:hugo_award=novel', 'American Science fiction', 'Long Now Manual for Civilization']",['science fiction'],N/A,0,11481354,borrow_unavailable,N/A,4.279132791327913,369,[]
41,,N/A,The First Men in the Moon,H. G. Wells,1900,114,"['Classic Literature', 'Fiction', 'Imperialism', 'Moon', 'Science fiction', 'Space flight to the moon', 'Translations into Russian', 'Utopias', 'Fiction, science fiction, general', 'Fiction, action & adventure', 'British and irish fiction (fictional works by one author)', 'Satire', 'English literature', 'Fiction, general', 'Action & Adventure', 'General', 'Fiction, science fiction, action & adventure', 'Interplanetary voyages', 'Space flight to the moon -- Fiction', 'Imperialism -- Fiction', 'Long Now Manual for Civilization']",['science fiction'],N/A,0,8081288,error,N/A,3.3846153846153846,13,[]
42,,N/A,A strange manuscript found in a copper cylinder,James De Mille,1888,110,"['Canadian fiction (English), CIHM', 'Roman canadien-anglais, ICMH', 'Fiction, mystery & detective, general', 'History', 'FICTION', 'Fantasy', 'General', 'Canadian fiction', 'Canadian literature', 'Fiction, science fiction, general', 'Sea stories', 'Utopias', 'Canadian Science fiction', 'Fiction, science fiction, action & adventure', 'Science fiction', 'English literature']","['fantasy', 'science fiction']",N/A,0,5647709,error,N/A,4.0,1,[]
43,,N/A,Charlie and the Great Glass Elevator,Roald Dahl,1972,108,"['Charlie Bucket (Fictitious character)', 'Juvenile fiction', ""Children's fiction"", 'Outer space, fiction', 'Science fiction', 'Humorous stories', 'Outer space', 'Fiction', 'Eccentrics and eccentricities', 'Chocolate industry', 'Candy industry', 'Manned space flight', 'Fantasies', 'Rymdfärder', 'Skönlitteratur', 'Humorous fiction', 'Elevators', 'Space flight', 'Space stations', 'Extraterrestrial beings', 'Adventure stories', ""Children's stories"", 'Boys, fiction']",['science fiction'],N/A,0,7893583,error,N/A,3.4375,48,[]
44,,9575358155,The Giver,Lois Lowry,1993,106,"['Social control', 'Control (Psychology)', 'Juvenile fiction', 'Fiction', 'Science fiction', 'Memory', 'Ethics', 'Dystopias', 'Blind', 'Braille language materials', 'Books and reading', ""Children's fiction"", 'New York Times reviewed', 'Literature', 'Dystopian', 'Sci Fi', 'Novel', ""Children's literature, study and teaching"", ""Children's literature, examinations, questions, etc."", 'Newbery Medal', 'Ciencia-ficción', 'Classic', 'Individuality', 'Comic books, strips', 'Graphic novels', 'YOUNG ADULT FICTION / Comics & Graphic Novels / Dystopian', 'YOUNG ADULT FICTION / Comics & Graphic Novels / Fantasy', 'YOUNG ADULT FICTION / Comics & Graphic Novels / Coming of Age', 'Adventure and adventurers, fiction', 'Liberty', 'Social prediction', 'award:Newbery_award']","['dystopian', 'science fiction']",N/A,0,8352502,borrow_unavailable,N/A,4.062937062937063,286,[]
45,,N/A,Ender's Game,Orson Scott Card,1985,104,"['New York Times bestseller', 'nyt:mass_market_paperback=2011-07-30', 'military education', 'end of the world', 'prize:nebula', 'hegemony', 'space warfare', 'child soldiers', 'The Ender Quintet', 'science fiction', 'automation', 'data processing', 'aliens', 'Military art and science', 'Hermanos', 'Maniobras de guerra', 'Brothers and sisters', 'Open Library Staff Picks', 'Genetic engineering', 'Fiction', 'Hugo Award Winner', 'award:hugo_award=novel', 'Ficción', 'Ciencia-ficción', 'award:hugo_award=1986', 'War games', 'Long Now Manual for Civilization', 'American Science fiction', ""Children's stories, American"", 'Artificial intelligence', 'Ender Wiggin (Fictitious character)', 'Reading Level-Grade 7', 'Reading Level-Grade 9', 'Reading Level-Grade 8', 'Reading Level-Grade 11', 'Reading Level-Grade 10', 'Reading Level-Grade 12', 'Wiggin, ender (fictitious character), fiction', 'Battle school (imaginary place), fiction', 'Fiction, science fiction, hard science fiction', 'Brothers and sisters, fiction', 'Science-Fiction-Literatur', 'Krieg', 'Amerikanisches Englisch', 'Außerirdische Intelligenz', 'award:nebula_award=novel', 'Peter Wiggin (Fictitious character)', 'Siblings, fiction', 'Bean (Fictitious character : Card)']",['science fiction'],N/A,0,12996033,error,N/A,4.35,380,[]
46,,N/A,A Wrinkle in Time,Madeleine L'Engle,1962,104,"['Love', 'sci-fi', 'Newbery Medal', 'Open Library Staff Picks', 'Juvenile fiction', 'Space and time', 'Fiction', 'Science fiction', 'Friendship in adolesce', 'Time travel', 'Murry family (Fictitious character)', 'Brothers and sisters', 'Extraterrestrial beings', 'Friendship', 'Science Fiction, Fantasy, & Magic', 'Classics', 'Spanish: Young Adult (Gr. 10-12)', 'Juvenile Fiction - Classics', 'Văn học Mĩ', 'Tiểu thuyết', 'Missing persons', 'Gifted children', 'Newbery Medal books', 'Families', 'Family life', 'Reading Level-Grade 7', 'Reading Level-Grade 9', 'Reading Level-Grade 8', 'Reading Level-Grade 11', 'Reading Level-Grade 10', 'Reading Level-Grade 12', ""Children's fiction"", 'Fantasy fiction', 'Murry family (fictitious character), fiction', 'Fathers and daughters, fiction', 'Friendship, fiction', 'Murry family (Fictitious characters)', 'Adventure and adventurers, fiction', 'American fiction', 'Moral and ethical aspects', 'Responsibility', 'Decision making', 'Good and evil', 'A wrinkle in time', 'Espacio y tiempo', 'Novela', 'Viaje en el tiempo', 'Poopnce', 'award:Newbery_award', 'lexile:740', 'lexile_range:701-800', 'age:min:10', 'age:max:14', 'grade:min:Kindergarten and up', 'grade:max:undefined', 'Picture books']",['science fiction'],N/A,0,8709146,error,N/A,3.9215686274509802,153,[]
47,,N/A,A Modern Utopia,H. G. Wells,1900,102,"['Utopias', 'Fiction', 'Science Fiction', 'Classic Literature', 'Political science', 'Nonfiction', 'Philosophy', 'Fiction, general', 'English Science fiction']","['nonfiction', 'science fiction']",N/A,0,8232021,error,N/A,3.230769230769231,13,[]
48,,N/A,Catching Fire,Suzanne Collins,2009,99,"['Action/Adventure', 'Fantasy', 'teen fiction', 'juvenile works', 'interdependence', 'independence', 'Games', 'Apocalyptic literature', 'Competition', 'teenage girls', 'sisters', 'poverty', 'Contests', 'Insurgency', 'Open Library Staff Picks', 'Survival', 'Fiction', 'Interpersonal relations', 'Television programs', 'Dystopias', 'Adventures and Adventurers', 'Television', 'Courage', 'Bravery', 'Heroism', 'Defiance and Talking Back', 'Adventure and adventurers', 'Girls', 'Blind', 'Books and reading', 'Young adult fiction', 'Television game shows', 'Dystopian', 'Science fiction', 'Survival Stories', 'Self-Esteem & Self-Reliance', 'Action & Adventure', 'JUVENILE FICTION', 'Social Themes', 'Survival skills', 'Reading Level-Grade 9', 'Reading Level-Grade 8', 'Reading Level-Grade 11', 'Reading Level-Grade 10', 'Reading Level-Grade 12', ""Children's fiction"", 'Interpersonal relations, fiction', 'Contests, fiction', 'Television, fiction', 'Survival, fiction', 'Reality television programs', 'Large type books', 'Katniss Everdeen (Fictitious character)', 'Spanish language materials', 'Supervivencia', 'Novela juvenil', 'Relaciones humanas', 'Insurgencia', 'Programas de televisión', 'Concursos', 'Distopías', 'Spanish language', 'nyt:chapter-books=2009-09-20', 'New York Times bestseller', 'Novela', 'Televisión', 'Programas', 'Reading materials', 'Phantastische Erza\x98hlung', 'Phantastische Literatur', 'Wilderness survival', 'Révoltes', 'Romans, nouvelles, etc. pour la jeunesse', 'Habiletés de survie', 'Jeux télévisés', 'Concours et compétitions', 'Dystopies', 'Filles', 'Fiction, science fiction, general', 'Serie:The_Hunger_Games']","['dystopian', 'fantasy', 'science fiction']",N/A,0,12646539,error,N/A,4.134146341463414,246,[]
49,,9788960177567,Foundation,Isaac Asimov,1951,97,"['Psychohistory', 'Open Library Staff Picks', 'Life on other planets', 'Fiction', 'Science Fiction', 'Long Now Manual for Civilization', 'Prophecy', 'Historians', 'Robots', 'Fiction, science fiction, general', 'American literature', 'American Fantasy fiction', 'Vie extraterrestre', 'Romans, nouvelles', 'Psychohistoire', 'Psychological fiction', 'American Science fiction', 'Hari Seldon (Fictitious character)']",['science fiction'],N/A,0,14612610,borrow_unavailable,N/A,4.099630996309963,271,[]
50,,N/A,"I, Robot",Isaac Asimov,1950,96,"['smear campaigns', 'supercomputers', 'computers', 'Frankenstein complex', 'hyperspace', 'heisenbugs', 'asteroids', 'Shahada', 'space stations', 'space-based solar power', 'cognitive dissonance', 'selenium', 'robots', 'morality', 'robotics', 'robopsychology', 'positronic brains', 'three laws of robotics', 'American Science fiction', 'Readers (Secondary)', 'Readers', 'Fiction', 'Science fiction', 'human-robot relations', 'Thriller', 'Long Now Manual for Civilization', 'Science fiction, American', 'Short stories', 'American Short stories', 'Artificial intelligence', 'Reading Level-Grade 11', 'Reading Level-Grade 10', 'Reading Level-Grade 12', 'Fiction, science fiction, short stories', 'Roman', 'Fiction, science fiction, collections & anthologies', 'American literature', 'Robots in fiction', ""Children's fiction"", 'High tech and hard science fiction']","['thriller', 'science fiction']",N/A,0,12385229,error,N/A,4.24223602484472,161,[]
51,,N/A,The Gunslinger,Stephen King,1976,94,"['succubus', 'demons', 'American fiction', 'fantastic fiction', 'adventure fiction', 'science fiction', 'horror fiction', 'fantasy', 'Fantasy fiction', 'Ciencia-ficción', 'Adventure stories', 'Fiction', 'Cuentos de terror', 'Good and evil', 'Roland (Fictitious character : King)', 'Roland (Fictitious character)', 'Reading Level-Grade 7', 'Reading Level-Grade 9', 'Reading Level-Grade 8', 'Reading Level-Grade 11', 'Reading Level-Grade 10', 'Reading Level-Grade 12', 'Dark tower (imaginary place), fiction', 'Fiction, fantasy, epic', 'Roland (fictitious character : king), fiction', 'nyt:combined-print-and-e-book-fiction=2017-07-30', 'New York Times bestseller', 'Roland of Gilead (Fictitious character)', 'Magic', 'Horror', 'Thrillers', 'Supernatural', 'Suspense', 'Heroes']","['fantasy', 'science fiction', 'horror']",N/A,0,8396638,error,N/A,4.088888888888889,45,[]
52,,9789584261878,Deception Point,Dan Brown,2001,92,"['mystery fiction', 'adventure fiction', 'literature', 'Meteors', 'Conspiracies', 'Presidents', 'Scientists', 'Fiction', 'Americans', 'Election', 'Open Library Staff Picks', 'political fiction', 'suspense fiction', 'thrillers', 'Conspiraciones', 'Meteorites', 'Estrellas fugaces', 'Científicos', 'Novela política', 'Estadounidenses', 'Fraud in science', 'Elección', 'Intelligence service', 'Presidentes', 'Novela de suspense', 'United States National Aeronautics and Space Administration', 'Ficción', 'Science fiction', 'Arctic regions, fiction', 'Fiction, suspense', 'Presidents, fiction', 'Fiction, political', 'Scientists, fiction', 'Americans -- Arctic regions -- Fiction', 'Presidents -- Election -- Fiction', 'Conspiracies -- Fiction', 'Scientists -- Fiction', 'Meteors -- Fiction', 'Arctic regions -- Fiction', 'Fiction, thrillers, suspense', 'Spanish language materials', 'Polish language materials', 'Présidents', 'Romans, nouvelles', 'Élection', 'Conspiration', 'Météores', 'Politique-fiction', 'Météorites', 'collectionid:dbsan', 'American literature']",['science fiction'],N/A,0,14553479,open,N/A,3.2842105263157895,95,[]
53,,N/A,Jurassic Park,Michael Crichton,1990,92,"['dichogamy', 'corporate espionage', 'science fiction', 'cautionary tale', 'genetic engineering', 'amusement parks', 'dinosaurs', 'chaos theory', 'Procompsognathus', 'paleontologists', 'paleobotanists', 'theme parks', 'cloning', 'ancient DNA', 'lysine', 'auxotrophy', 'chaos theorists', 'complex systems', 'velociraptors', 'backdoor', 'Tyrannosaurus', 'biotechnologists', 'napalm', 'Clones and cloning', 'Fiction', 'Large type books', 'Fiction, science fiction, action & adventure', 'Fiction, technological', 'Fiction, thrillers, general', 'Jurassic park (imaginary place), fiction', 'Malcolm, ian (fictitious character), fiction', 'Dinosaurs, fiction', ""Children's fiction"", 'Fiction, suspense', 'Zhang pian xiao shuo', 'Ke xue huan xiang xiao shuo', 'Fiction, thrillers, technological', 'Dinosaurios', 'Novela', 'Parques de diversiones', 'Spanish language materials', 'Animal genetic engineering', 'Suspense fiction', 'Thrillers (Fiction)', 'American fiction', 'Translations into Chinese', 'Chang pian xiao shuo', 'Juvenile fiction', 'Amusement parks, fiction', 'Brothers and sisters, fiction', 'Scientists, fiction']",['science fiction'],N/A,0,12882940,error,N/A,4.113207547169812,159,[]
54,,9789731249759,Slaughterhouse-Five,Kurt Vonnegut,1968,91,"['American science fiction', 'bombing of Dresden', 'Open Library staff picks', 'military fiction', 'war stories', 'World War II', 'World War, 1939-1945', 'literature and the war', 'war', 'free will and determinism', 'literary fiction', 'Fiction', 'Animals', 'Boats and boating', 'Juvenile fiction', 'Accelerated Reader', 'Domestic animals', 'American fiction (fictional works by one author)', 'Fiction, general', 'Fiction, war & military', 'World war, 1939-1945, fiction', 'Classic Literature', 'Drama', 'Vonnegut, kurt, 1922-2007', 'American literature, history and criticism', 'Destruction and pillage', 'World War (1939-1945) fast (OCoLC)fst01180924', 'Roman américain', 'Literature', 'American literature', 'Literatură americană', 'Roman', 'Time travel', 'Voyages dans le temps', 'Romans, nouvelles', 'Science fiction']",['science fiction'],N/A,0,12727001,borrow_unavailable,N/A,4.184426229508197,244,[]
55,,N/A,The Restaurant at the End of the Universe,Douglas Adams,1980,90,"['Fiction', 'Humorous fiction', 'humorous stories', 'Interplanetary voyages', 'Restaurants', 'Science Fiction', 'Interstellar travel', 'Life on other planets', 'Prefect, ford (fictitious character), fiction', 'Dent, arthur (fictitious character), fiction', 'Fiction, humorous', 'Fiction, science fiction, general', 'English literature', 'English Science fiction', '18.05 English literature', 'Fiction, humorous, general', 'Arthur Dent (Fictitious character)', 'Ford Prefect (Fictitious character)']",['science fiction'],N/A,0,12714921,error,N/A,4.2727272727272725,33,[]
56,,N/A,Do Androids Dream of Electric Sheep?,Philip K. Dick,1968,89,"['Androids', 'Fiction', 'Rick Deckard (Fictitious character)', 'Science Fiction', 'Twenty-first century', 'open_syllabus_project', 'Bounty hunters', 'Fiction, science fiction, general', 'Large type books', 'Movie-TV Tie-In', 'Movies', 'Motion Pictures', 'Films', 'Novelization', 'American Science fiction', 'PRO Adams, Mark B. (donor) (Adams Collection copy)', 'CHR 1982', 'Long Now Manual for Civilization', 'Media Tie-In', 'Adventure', 'Science Fiction & Fantasy', 'Control systems', 'Artificial life', 'Robots', 'Robotic pets', 'Deckard, Rick (Fictitious character) -- Fiction', 'Androids -- Fiction', 'Deckard, Rick (Fictitious character)', 'Androidy', 'Istoty pozaziemskie', 'San Francisco (Stany Zjednoczone)', 'San Francisco (Stany Zjednoczone, stan Kalifornia)', 'Literary collections']","['science fiction', 'adventure']",N/A,0,207515,error,N/A,4.034246575342466,146,[]
57,,N/A,The Blind Assassin,Margaret Atwood,2000,89,"['Death', 'Muerte', 'Hermanas', 'Novela psicológica', 'Viudas', 'Fiction', 'Sisters', 'Ficción', 'Widows', 'Novela hogareña', 'Psychological fiction', 'Women novelists', 'Aged women', 'Authorship', 'Older women', 'Domestic fiction', 'Reading Level-Grade 9', 'Reading Level-Grade 11', 'Reading Level-Grade 10', 'Reading Level-Grade 12', 'Betrayal', 'Reminiscing in old age', 'Science fiction', 'Large type books', 'Canadian fiction (fictional works by one author)', 'Sisters, fiction', 'Widows, fiction', 'Authors, fiction', 'New York Times reviewed', 'Man-woman relationships', 'American literature', 'Sœurs', 'Romans, nouvelles', 'Mort', 'Roman', ""Art d'écrire"", 'Romancières', 'Femmes âgées', 'Veuves', 'Roman familial', 'Psychological', 'Canadian fiction', 'Roman canadien', 'Souvenir chez la personne âgée', 'Vingtième siècle', 'Littérature canadienne', 'Sisters--death', 'Sisters--death--fiction', 'Fiction--authorship', 'Fiction--authorship--fiction', 'Women novelists--fiction', 'Older women--fiction', 'Widows--fiction', 'Pr9199.3.a8 b55 2001']",['science fiction'],N/A,0,11041760,error,N/A,3.6666666666666665,9,[]
58,,N/A,Mockingjay,Suzanne Collins,2010,88,"['Insurgency', 'Survival', 'Fiction', 'Science fiction', 'Interpersonal relations', 'Television programs', 'Large type books', 'Contests', 'Survival skills', 'Young adult fiction', 'Juvenile fiction', 'Revenge', ""Children's stories"", 'Survival Stories', 'Dystopian', 'Self-Esteem & Self-Reliance', 'Action & Adventure', 'Social Themes', 'Television game shows', 'Dystopias', 'Girls', 'Courage', ""Children's fiction"", 'Television, fiction', 'Contests, fiction', 'Survival, fiction', 'Interpersonal relations, fiction', 'Reading Level-Grade 7', 'Reading Level-Grade 9', 'Reading Level-Grade 8', 'Reading Level-Grade 11', 'Reading Level-Grade 10', 'Reading Level-Grade 12', 'Katniss Everdeen (Fictitious character)', 'Reality television programs', 'nyt:series-books=2010-09-12', 'New York Times bestseller', 'New York Times reviewed', 'Telerealites', 'Romans', 'Dystopies', 'Science-fiction', 'Dictature', 'Television-verite', 'Concours et competitions', 'Habiletes de survie', 'Spanish language materials', 'Révoltes', 'Romans, nouvelles, etc. pour la jeunesse', 'Habiletés de survie', 'Supervivencia', 'Novela juvenil', 'Televisión', 'Programas', 'Relaciones humanas', 'Novela joven', 'Spanish language', 'Reading materials', 'Téléréalité', 'Insurgency -- Juvenile fiction', 'Survival -- Juvenile fiction', 'Television programs -- Juvenile fiction', 'Interpersonal relations -- Juvenile fiction', 'Contests -- Juvenile fiction', 'Insurgency -- Fiction', 'Survival skills -- Fiction', 'Television programs -- Fiction', 'Interpersonal relations -- Fiction', 'Contests -- Fiction', 'Serie:The_Hunger_Games']","['dystopian', 'science fiction']",N/A,0,12646459,error,N/A,3.753303964757709,227,[]
59,,N/A,The Dead Zone,Stephen King,1979,87,"['brain tumors', 'rifles', 'human shields', 'assassination', 'procrastination', 'murder', 'Federal Bureau of Investigation', 'car bombs', 'United States House of Representatives', 'mayors', 'wheel of fortune', 'comas', 'high school teachers', 'precognition', 'brains', 'Clairvoyants', 'thrillers', 'Supernatural', 'Movie or Television Tie-In', 'suspense', 'horror fiction', 'science fiction', 'paranormal fiction', 'carnivals', 'good and evil', 'American Horror tales', 'Open Library Staff Picks', 'Fiction in English', 'Fiction', 'Translations into Russian', 'Psychics', 'Horror', 'Horror tales', 'Fiction, horror', 'New england, fiction', 'Smith, johnny (fictitious character), fiction', 'American literature', 'Coma', 'Patients', 'Psychic ability', 'Media Tie-In', 'Médiums', 'Romans, nouvelles']","['science fiction', 'horror']",N/A,0,14653991,error,N/A,4.076923076923077,39,[]
60,,N/A,The Left Hand of Darkness,Ursula K. Le Guin,1969,87,"['Ciencia-ficción', 'Hugo Award Winner', 'award:hugo_award=1970', 'award:hugo_award=novel', 'human nature', 'gender', 'space travel', 'ice age', 'Science fiction', 'American literature', 'Fiction, science fiction, general', 'LGBTQ gender identity', 'LGBTQ science fiction & fantasy', 'collection:otherwise_tiptree_award=winner', 'award:nebula_award=novel', 'Life on other planets', 'Fiction', 'American Science fiction', 'Extraterrestrial anthropology', 'Sex role', 'LGBTQ novels before Stonewall', 'Long Now Manual for Civilization']",['science fiction'],N/A,0,10618463,error,N/A,4.25,44,[]
61,,N/A,La casa verde,Mario Vargas Llosa,1966,87,"['Prostitutes', 'Fiction', 'Good and evil', 'Prostitutas', 'Novela', 'Bien y mal', 'Peru, fiction', 'Young women, fiction', 'Fiction, general', 'Novela española', 'Science fiction']",['science fiction'],N/A,0,4927546,error,N/A,3.0,1,[]
62,,9782290019436,A Game of Thrones,George R. R. Martin,1996,87,"['Adult', 'Action & Adventure', 'Fantasy', 'High Fantasy', 'Epic', 'Epic Fantasy', 'Epic Fiction', 'Epic Literature', 'Fiction, fantasy, epic', 'Fiction, fantasy, general', 'Science Fiction', 'Fantastic Fiction', 'Fiction', 'Ficción', 'Moral Ambiguity', 'Betrayal', 'Loyalty', 'Family', 'Revenge', 'Vengeance', 'Bien y mal', 'Civil War', 'War and Conflict', 'Imaginary Wars and Battles', 'Guerras imaginarias', 'Politics', 'Intrigue', 'Feudalism', 'Royalty and Nobility', 'Kings and Rulers', 'Knights', 'Courts and Courtiers', 'Seasons', 'Invierno', 'Trial by Combat', 'Voyages and Travels', 'Walls', 'Penal Colonies', 'Magic', 'Dragons', 'Supernatural', 'Wights', 'Folk Healers', 'Incest', 'Forced Marriage', 'Persistent Vegetative States', 'Imaginary Places', 'Seven Kingdoms (Imaginary Place)', 'Hugo Award Winner', 'Ignotus Award Winner', 'Locus Award Winner', 'New York Times Bestseller']","['fantasy', 'science fiction']",N/A,0,9269962,borrow_unavailable,N/A,4.208588957055214,652,[]
63,,N/A,The Man in the High Castle,"Philip K. Dick, Michelle Charrier",1962,83,"['award:hugo_award=1963', 'Fiction', 'Hugo Award Winner', 'Science Fiction', 'award:hugo_award=novel', 'Fiction, alternative history', 'Fiction, science fiction, general', 'nyt:trade-fiction-paperback=2015-12-13', 'New York Times bestseller', 'nyt:combined-print-and-e-book-fiction=2015-12-13', 'American Science fiction', 'American Political fiction', 'National socialism', 'Freedom of the press', 'Slavery', 'Totalitarianism', 'Nazis', 'Jews', 'FICTION / Science Fiction / General', 'Nazisme', 'Romans, nouvelles', 'Juifs', 'Alternative histories (Fiction)', 'Long Now Manual for Civilization']",['science fiction'],N/A,0,420452,error,N/A,3.5596330275229358,109,[]
64,,N/A,L'Île mystérieuse,Jules Verne,1870,83,"['Popular Print Disabled Books', 'French Adventure stories', 'French language materials', 'Translations from French', 'Open Library Staff Picks', 'Translations into English', 'Fiction', 'French Science fiction', 'Science fiction', 'Islands', 'Balloons', 'Shipwrecks', 'French fiction', 'Castaways', 'Survival', 'Adventure stories', 'Fiction, action & adventure', 'Fiction, suspense', 'Romance literature', 'Littérature française', 'Critique et intérprétation', 'Aventures', 'Romans', 'Roman français', 'Fiction, science fiction, general', ""Children's fiction"", 'Adventure and adventurers, fiction', 'Fiction, fantasy, general', 'Castaways -- Fiction', 'Islands of the Pacific -- Fiction', 'Island life -- Fiction', 'Survival -- Fiction', 'FICTION -- Classics', 'Island life', 'Long Now Manual for Civilization']",['science fiction'],N/A,0,1277096,error,N/A,4.25,20,[]
65,,N/A,The Stand,Stephen King,1978,83,"['suspense & thriller', 'gothic & horror', 'biological warfare', 'research', 'horror fiction', 'horror tales', 'Fiction', 'Thrillers', 'Suspense', 'Horror', 'Science Fiction', 'Apocalyptic & Post-Apocalyptic science fiction', 'nuclear weapons', 'cordon sanitaire', 'index cases', 'martial law', 'post-apocalyptic', 'influenza', 'pandemic', 'End of the World', 'survival', 'plague', 'epidemics', 'Fiction in English', 'Virus diseases', 'Thriller', 'Good and evil', 'Fiction, horror', 'Apocalyptic & Post-Apocalyptic', 'nyt:trade-fiction-paperback=2021-01-03', 'New York Times bestseller']","['science fiction', 'horror', 'thriller']",N/A,0,9255992,error,N/A,4.3125,80,[]
66,,N/A,A Wizard of Earthsea,Ursula K. Le Guin,1968,81,"['Fiction', 'Magic', 'Magic in fiction', 'Fantasy', 'Wizards', 'Wizards in fiction', 'Bk. 1.', 'Earthsea (Le Guin, Ursula K.)', 'Juvenile fiction', ""Children's fiction"", 'Magic, fiction', 'Science fiction', 'Fantasy fiction', 'Fiction, fantasy, general', 'Margaret A. Edwards Award', 'Earthsea (Imaginary place)', 'Fantastic fiction', 'Ged (fictitious character), fiction', ""Children's stories"", 'Ged (Fictitious character)']","['fantasy', 'science fiction']",N/A,0,13617691,error,N/A,3.972972972972973,111,[]
67,,9780425017562,Stranger in a Strange Land,Robert A. Heinlein,1961,80,"['Hugo Award Winner', 'award:hugo_award=1962', 'award:hugo_award=novel', 'Fiction', 'Fiction in English', 'Science fiction', 'American Science fiction', 'Religion', 'Cults', 'Sects', 'Martians', 'Life on other planets', 'Fiction, science fiction, general', 'Long Now Manual for Civilization']",['science fiction'],N/A,0,14630668,borrow_available,N/A,4.0,1,[]
68,,2070415716,Foundation and Empire,Isaac Asimov,1945,80,"['Fiction', 'Psychohistory', 'Life on other planets', 'American Science fiction', 'Science Fiction', 'Fiction, science fiction, general', 'Trantorian empire (imaginary place), fiction', 'American literature', 'Vie extraterrestre', 'Romans, nouvelles', 'Psychohistoire', 'award:retro_hugo', 'Hari Seldon (Fictitious character)', 'Long Now Manual for Civilization']",['science fiction'],N/A,0,9300695,borrow_available,N/A,4.126865671641791,134,[]
69,,N/A,The Amber Spyglass,Philip Pullman,1999,79,"['Fantasy', 'Fantasy fiction', 'Quests (Expeditions)', 'Fiction', 'Missing persons', 'Good and evil', 'Kidnapping', 'Traducciones al español', 'Imaginary places', 'Lyra Belacqua (Fictitious character)', 'Magic', 'Magia', 'Belacqua, Lyra (Personaje literario)', 'Will Parry (Fictitious character)', 'Science fiction', 'Ficción juvenil', 'Novela fantástica', 'Lugares imaginarios', 'Niños', 'Juvenile fiction', 'Bien y mal', 'Experiments', 'Novela fantástica inglesa', 'Children', 'Parry, Will (Personaje literario)', 'Familiars (Spirits)', 'Witches', 'Demonology', ""Children's fiction"", 'Belacqua, lyra (fictitious character), fiction', 'Large type books', 'Reading Level-Grade 11', 'Reading Level-Grade 12', 'Young adult fiction', 'Science fiction, fantasy, horror', 'Fiction, fantasy, general', 'Fantasy anglaise', 'Er tong xiao shuo', 'Zhang pian xiao shuo', 'San bu qu(zuo pin)', 'American Fantasy fiction', 'English Fantasy fiction']","['children', 'fantasy', 'science fiction']",N/A,0,12613246,error,N/A,3.84,100,[]
70,,N/A,Second Foundation,Isaac Asimov,1953,79,"['Fiction', 'Psychohistory', 'Life on other planets', 'Science fiction', 'Fiction, science fiction, general', 'American literature', 'Psychological fiction', 'Vie extraterrestre', 'Romans, nouvelles', 'Psychohistoire', 'Hari Seldon (Fictitious character)', 'Long Now Manual for Civilization']",['science fiction'],N/A,0,9261324,error,N/A,4.359375,128,[]
71,,N/A,The man who ended war,Hollis Godfrey,1908,78,"['Utopias', 'Science fiction']",['science fiction'],N/A,0,6379250,error,N/A,,0,[]
72,,N/A,Flowers for Algernon,Daniel Keyes,1966,78,"['institutionalization', 'dementia', 'phenylketonuria', 'award:nebula_award=novel', 'Brain', 'Surgery', 'People with mental disabilities', 'Gifted persons', 'Fiction', 'American Science fiction', 'Retrasados mentales', 'Niños superdotados', 'Open Library Staff Picks', 'Readers', 'Cerebro', 'Ficción juvenil', 'Cirugía', 'Science fiction', 'Juvenile fiction', 'Young adult fiction', 'Psychological fiction', 'Personas dotadas', 'Nebula Award', 'Novela', 'Reading Level-Grade 7', 'Reading Level-Grade 9', 'Reading Level-Grade 8', 'Reading Level-Grade 11', 'Reading Level-Grade 10', 'Reading Level-Grade 12', 'Fiction, science fiction, general', 'Large type books', ""Children's fiction"", 'People with mental disabilities, fiction', 'Mentally handicapped', 'Personnes ayant une déficience intellectuelle', 'Romans, nouvelles', 'Surdoués', 'Cerveau', 'Chirurgie', 'Grifted peoples']",['science fiction'],N/A,0,12947700,error,N/A,4.267441860465116,86,[]
73,,N/A,Star Maker,Olaf Stapledon,1937,77,"['Fiction, general', 'Fiction in English', 'Science fiction', 'Fiction', 'Cosmology', 'Long Now Manual for Civilization', 'Fiction, science fiction, general', 'English literature']",['science fiction'],N/A,0,911107,error,N/A,2.5,4,[]
74,,N/A,Tales of space and time,H. G. Wells,1899,77,"['English Science fiction', 'Classic Literature', 'Fiction', 'Science Fiction', 'Short Stories', 'Fiction, science fiction, collections & anthologies', 'Fiction, short stories (single author)']",['science fiction'],N/A,0,5813880,error,N/A,4.5,2,[]
75,,9789021014166,Firestarter,Stephen King,1980,77,"['Genetic Engineering', 'suspense', 'Fiction', 'Psychokinesis', 'Fire', 'Horror', 'Psychic ability', 'Science fiction', 'horror thriller', 'telekinesis', 'migraines', 'bleeding', 'pyrokinesis', 'hit men', 'Cherokees', 'Vietnam veterans', 'janitors', 'Rolling Stone', 'Fiction, horror', 'Horror tales', 'American Authors', 'Children', 'Testing laboratories', 'Psychokineses', 'Fiction, science fiction, general', 'Fiction, mystery & detective, general', 'Fiction, media tie-in']","['science fiction', 'children', 'horror']",N/A,0,12015446,borrow_unavailable,N/A,4.0,25,[]
76,,N/A,The Illustrated Man,Ray Bradbury,1901,77,"['American Science fiction', 'Science fiction', 'English Short stories', 'Tattooing', 'Magic', 'Storytelling', 'American Fantasy fiction', 'American Horror stories', 'Fiction', 'Prejudice', 'Invasion', 'Space colonies', 'Space flight', 'Children', 'Large type books', 'Short stories', 'Fiction, science fiction, collections & anthologies', 'American Short stories', 'Nouvelles américaines']","['children', 'science fiction']",N/A,0,9345484,error,N/A,4.117647058823529,34,[]
77,,,The Lost World,Michael Crichton,1995,77,"['prions', 'scrapie', 'Ornitholestes', 'Mussaurus', 'Procompsognathus', 'Triceratops', 'Dryosaurus', 'Hypsilophodon', 'Parasaurolophus', 'Maiasaura', 'Stegosaurus', 'Apatosaurus', 'Gallimimus', 'Pachycephalosaurus', 'Tyrannosaurus', 'Velociraptors', 'geothermal gradient', 'Carnotaurus', 'paleontologists', 'Science fiction', 'Fiction', 'Dinosaurs', 'Cloning', 'Thriller', 'techno-thriller', 'American fiction', 'Fiction, thrillers', 'Fiction, espionage', 'Large type books', 'Fiction, science fiction, action & adventure', 'Fiction, thrillers, general', 'Fiction, technological', 'Jurassic park (imaginary place), fiction', 'Malcolm, ian (fictitious character), fiction', 'Fiction, science fiction, general', 'Fiction, media tie-in', 'Molecular cloning', 'Action & Adventure', 'Thrillers', 'Readers', 'Fiction, suspense', 'American Science fiction', 'New York Times reviewed', 'Dinosaures', 'Romans, nouvelles, etc. pour la jeunesse', 'Fiction, thrillers, espionage', 'Fiction, thrillers, technological', ""Children's fiction"", 'Dinosaurs, fiction']","['thriller', 'science fiction']",N/A,0,10656102,borrow_unavailable,N/A,4.3125,16,[]
78,,N/A,The Chessmen of Mars,Edgar Rice Burroughs,1922,75,"['Classic Literature', 'Fiction', 'Historical Fiction', 'Science fiction', 'Barsoom', 'Fiction, science fiction, action & adventure', 'Barsoom (imaginary place), fiction', 'Carter, john (fictitious character), fiction', 'American Science fiction', 'Extraterrestrial beings', 'John Carter (Fictitious character)', 'Dejah Thoris (Fictitious character)']","['science fiction', 'historical fiction']",N/A,0,1930755,error,N/A,4.285714285714286,7,[]
79,,N/A,Válka s mloky,Karel Čapek,1936,75,"['Czech Science fiction', 'Continental european fiction (fictional works by one author)', 'Salamanders', 'Fiction', 'Science fiction', 'FICTION / Science Fiction / General', 'Allegories', 'Utopias', 'Czech Satire', 'Czech drama', 'Fiction, fantasy, general', 'Politics and government', 'Humor', 'Exploitation', 'Newts', 'Fiction, satire', 'Fiction, science fiction, general', 'Czech fiction', 'Pg5038.c3 v33 2010', '891.86352', 'Extraterrestrial beings']",['science fiction'],N/A,0,4113422,error,N/A,4.2,5,[]
80,,N/A,"So long, and thanks for all the fish",Douglas Adams,1984,73,"['Trilogy of Four', 'fantasy fiction', 'Fiction', 'Interplanetary voyages', 'Science Fiction', 'Ford Prefect (Fictitious character)', 'Arthur Dent (Fictitious character)', 'Belletristische Darstellung', 'Weltall', 'English literature', 'Fiction, science fiction, general', 'Fiction, humorous, general', 'Dent, arthur (fictitious character), fiction', 'Prefect, ford (fictitious character), fiction', 'Interstellar travel']",['science fiction'],N/A,0,11465415,error,N/A,3.987012987012987,77,[]
81,,N/A,The Blazing World,Margaret Cavendish,2013,72,"['Science fiction', 'Utopias -- Fiction', 'Voyages, Imaginary -- Early works to 1800', 'Fantasy', 'Philosophy']","['fantasy', 'science fiction']",N/A,0,14634246,N/A,N/A,2.0,1,[]
82,,N/A,Last and First Men,Olaf Stapledon,1930,72,"['Fiction, science fiction, general', 'Fiction', 'Fiction in English', 'Prophecies', 'Science fiction', 'Human beings', 'Long Now Manual for Civilization', 'English literature', 'English Science fiction', 'Human beings--fiction', 'Pr6037.t18 l37 2008', '823/.912']",['science fiction'],N/A,0,911106,error,N/A,3.1,10,[]
83,,N/A,American Gods,Neil Gaiman,2001,72,"['science fiction', 'fantasy fiction', 'Americana', 'fantasy', 'mythology', 'Spiritual warfare', 'Literature', 'award:hugo_award=2002', 'Ex-convicts', 'Fiction', 'Hugo Award Winner', 'New York Times bestseller', 'American National characteristics', 'Urban Fantasy', 'nyt:e-book_fiction=2012-01-14', 'award:hugo_award=novel', 'Widowers', 'Bodyguards', 'Roman', 'Amerikanisches Englisch', 'Fiction, fantasy, contemporary', 'Widowers, fiction', 'Widows, fiction', 'Coloring books', 'English fiction', 'Demonology', 'Spiritual life', 'New York Times reviewed', 'award:nebula_award=novel', 'Comics & graphic novels, fantasy', 'English literature', 'Características nacionales', 'Novela', 'Ex-détenus', 'Romans, nouvelles', 'Veufs', 'Gardes du corps', 'Combat spirituel', 'Gods']","['fantasy', 'science fiction']",N/A,0,8494659,error,N/A,4.2407407407407405,54,[]
84,,N/A,The Scarlet Plague,Jack London,1910,71,"['Fiction', 'American Science fiction', 'Plague', 'End of the world', 'Classic Literature', 'Science Fiction', 'American literature', 'Regression (Civilization)', 'FICTION / Alternative History', 'Fiction, science fiction, general', 'American fiction (fictional works by one author)', 'Social aspects', 'Dystopias']",['science fiction'],N/A,0,9377992,error,N/A,3.8,5,[]
85,,N/A,Childhood’s End,Arthur C. Clarke,1953,71,"['Human-alien encounters', 'Fiction', 'Science fiction', 'Long Now Manual for Civilization', 'Human evolution', 'Fiction, science fiction, general', 'Human-Alien encounter', 'Reading Level-Grade 7', 'Reading Level-Grade 9', 'Reading Level-Grade 8', 'Reading Level-Grade 11', 'Reading Level-Grade 10', 'Reading Level-Grade 12']",['science fiction'],N/A,0,210200,error,N/A,3.9565217391304346,23,[]
86,,N/A,The Martian,Andy Weir,2011,71,"['Science-Fiction', 'Science Fiction & Fantasy', 'Suspense & Thriller', 'Science fiction', 'Amerikanisches Englisch', 'Astronauts', 'Survival', 'Fiction', 'Survival skills', 'Supervivencia', 'Novela', 'Astronautas', 'Reading Level-Grade 7', 'Reading Level-Grade 9', 'Reading Level-Grade 8', 'Reading Level-Grade 11', 'Reading Level-Grade 10', 'Reading Level-Grade 12', 'Fiction, science fiction, action & adventure', 'Fiction, science fiction, general', 'Large type books', 'Arabic language materials', 'Romans, nouvelles', 'nyt:hardcover-fiction=2014-03-02', 'New York Times bestseller', 'Chang pian xiao shuo', ""Children's fiction"", 'Adventure and adventurers, fiction', 'Fantasy fiction']",['science fiction'],N/A,0,11447888,error,N/A,4.378378378378378,296,[]
87,,9787544249959,The Adventures of Captain Underpants,Dav Pilkey,1997,70,"['Humorous stories', 'School principals', 'Cartoons and comics', 'Heroes', 'Fiction', 'American Humorous stories', ""Children's stories, American"", 'Extraterrestrial beings', 'Juvenile fiction', 'Captain Underpants (Fictitious character)', 'Science fiction', 'Schools', ""Children's fiction"", 'Adventure and adventurers, fiction', 'Héroes', 'Ficción juvenil', 'Superintendentes y directores', 'Escuelas', 'Metamorphosis', 'Cuentos humorísticos', 'Child authors', 'Caricatures and cartoons', 'Heroes and heroines', 'School superintendents and principals', 'Humorous fiction', 'Niños autores', 'Metamorfosis (Biología)', 'Novela infantil', 'Spanish language materials', 'Captain underpants (fictitious character), fiction', 'Heroes, fiction', 'Schools, fiction', 'Còmics', 'Llibres per a infants', 'Escola', 'Narrativa per a infants', 'Teachers', 'Bobette, Capitaine (Personnage fictif)', 'Romans, nouvelles, etc. pour la jeunesse', 'Écoles', 'Enseignants', ""Directeurs d'école"", 'Héros', 'Récits humoristiques', 'Action & Adventure', 'Social Themes', 'Friendship', 'Spanish language', 'H?eroes', 'Captain Underpants (Fictional character)', 'School stories', 'New York Times reviewed']",['science fiction'],N/A,0,12625278,borrow_unavailable,N/A,4.237288135593221,59,[]
88,,N/A,The Dispossessed,Ursula K. Le Guin,1974,70,"['Anarchism', 'Anarquismo', 'Ciencia-ficción', 'Communal living', 'Ficción', 'Fiction', 'Fiction in English', 'Físicos', 'Hugo Award Winner', 'Life on other planets', 'Novela utópica', 'Physicists', 'Science fiction', 'Utopias', 'Vida comunal', 'Vida en otros planets', 'award:hugo_award=1975', 'award:hugo_award=novel', 'Long Now Manual for Civilization', 'Fiction, science fiction, general', 'American Science fiction', 'Interplanetary voyages', 'American literature', 'award:nebula_award=novel']",['science fiction'],N/A,0,6979680,error,N/A,4.40625,32,[]
89,,2226126708,On Writing,Stephen King,1999,69,"['writing', 'Salem’s Lot', 'science fiction', 'Happy Stamps', 'The Elements of Style', 'drinking', 'adverbs', 'Horror tales--Authorship', 'Locus Award winner', 'Bram Stoker Award winner', 'biography', 'Arte de escribir', 'Novelistas estadounidenses', 'Biografía', 'Autores estadounidenses', 'American Novelists', 'Technique', 'Literary Memoir', 'American Authors', 'Authorship', 'Memoir', 'authors', 'Horror tales', 'Cuentos de terror', 'Reading Level-Grade 11', 'Reading Level-Grade 12', 'Authors, biography', 'Horror tales, authorship', 'King, stephen, 1947-', 'Performing arts, biography', 'nyt:education=2014-12-07', 'New York Times bestseller', 'Personal memoirs', '[document]', 'Style', 'Écrivains américains', 'Biographies', ""Récits d'horreur"", ""Art d'écrire"", 'Récits personnels', 'Création littéraire', 'Document', 'King, stephen , 1947-', 'Authorshipking, stephen , 1947-', 'Authors, american', 'Authors, american--20th century--biography', 'American authors--biography', 'Horror fiction--technique', 'Ps3561.i483 z475 2010', '813/.54', 'Biography: general', 'Creative writing guides', 'Literature: History & Criticism', 'Biography/Autobiography', 'Biography & Autobiography', 'Biography / Autobiography', 'Literary', 'Composition & Creative Writing - General', 'Language Arts & Disciplines / Composition & Creative Writing', '20th century', 'Horror fiction']","['science fiction', 'biography']",N/A,0,9255939,borrow_unavailable,N/A,4.1506849315068495,73,[]
90,,,Cat's Cradle,"Kurt Vonnegut, Nickolay Popov",1963,69,"['End of the world', 'Fiction', 'American Fantasy fiction', 'Classic Literature', 'Humor (Fiction)', 'Science Fiction', 'Large type books', 'American fiction (fictional works by one author)', 'Fiction, humorous', 'Fiction, science fiction, general', 'Fiction, humorous, general', 'American fiction', 'Translations into Spanish', 'Spanish imprints', 'Spanish fiction', 'Fin du monde', 'Romans, nouvelles', 'Satire', 'Fictional works [publication type]', 'End of the world--fiction', 'Ps3572.o5 c3 2010', '813 v947c 2010']",['science fiction'],N/A,0,12709654,private,N/A,3.9611650485436893,103,[]
91,,N/A,A Canticle for Leibowitz,Walter M. Miller Jr.,1959,69,"['Hugo Award Winner', 'award:hugo_award=1961', 'award:hugo_award=novel', 'American Science fiction', 'apocalypse', 'nuclear war', 'civilization', 'science fiction', 'church versus state', 'Long Now Manual for Civilization', 'Monks', 'Fiction', 'Monasticism and religious orders', 'Mutation (Biology)', 'Nuclear warfare', 'Christianity', 'Monastic and religious life', 'Reading Level-Grade 7', 'Reading Level-Grade 9', 'Reading Level-Grade 8', 'Reading Level-Grade 11', 'Reading Level-Grade 10', 'Reading Level-Grade 12', 'Social aspects', 'Radioactive fallout survival', 'Science', 'American fiction', 'Fiction, science fiction, general', 'Science fiction, history and criticism', 'New York Times reviewed', 'American literature', 'Fiction, general', 'Knowledge management', 'Freedom of information']",['science fiction'],N/A,0,10221348,error,N/A,3.8142857142857145,70,[]
92,,N/A,The Eye of the World (The Wheel of Time Book 1),Robert Jordan,1990,69,"['series:The Wheel of Time', 'Fantasy fiction', ""Rand al'Thor (Fictitious character)"", 'Fiction', 'Reader recommended, 2001-02', 'Fantasy .', 'American Fantasy', ""al'Thor Rand (Fictitious character)"", 'Good and evil', 'Monsters', ""Rand al'thor (fictitious character), fiction"", 'Fiction, fantasy, epic', 'Science fiction', ""Children's fiction"", 'Fiction, fantasy, general', 'Comics & graphic novels, fantasy', 'Comic books, strips', 'nyt:hardcover-graphic-books=2013-02-17', 'New York Times bestseller', 'Fantasy', ""Children's stories"", 'American literature']","['fantasy', 'science fiction']",N/A,0,980232,error,N/A,3.875,168,[]
93,,N/A,Ubik,Philip K. Dick,1969,68,"['Fiction', 'Death', 'Businessmen', 'Explosions', 'Science Fiction', 'Fiction, science fiction, general', 'Iowa, fiction', 'Fiction, humorous', 'FICTION / Science Fiction / General', 'FICTION / Literary', 'Large type books', 'Motion picture plays', 'Fiction, humorous, general', 'Murder victims', 'Terrorism', 'Death--fiction', 'Businessmen--fiction', 'Explosions--fiction', 'Science fiction, american', 'Ps3554.i3 u24 1991', '813/.54', 'American Science fiction', 'Time']",['science fiction'],N/A,0,5018327,error,N/A,3.953125,64,[]
94,,N/A,Dune Messiah,Frank Herbert,1969,68,"['American Science fiction', 'Dune (Imaginary place)', 'Fiction', 'Imaginary places', 'Science Fiction', 'Translations into Russian', 'Novela', 'Dune (Lugar imaginario)', 'Lectures et morceaux choisis', 'Anglais (langue)', 'Roman ame ricain', 'Science-fiction ame ricaine', 'Long Now Manual for Civilization', 'Roman américain', 'Science-fiction américaine', 'Dune (imaginary place), fiction', 'Fiction, science fiction, general']",['science fiction'],N/A,0,2421405,error,N/A,3.8974358974358974,117,[]
95,,N/A,"Looking Backward, 2000-1887",Edward Bellamy,1888,68,"['Fiction', 'Utopias', 'Time travel', 'Two thousand, A.D.', 'Social problems', 'Science fiction', 'Twentieth century', 'Forecasts', 'Boston (mass.), fiction', 'Fiction, science fiction, general', 'American fiction (fictional works by one author)', 'Littérature américaine']",['science fiction'],N/A,0,8246102,error,N/A,,0,[]
96,,N/A,Dragonflight,Anne McCaffrey,1968,67,"['Pern (Imaginary place)', 'Science Fiction', 'Fantasy fiction', 'Juvenile fiction', 'Fiction in English', 'Fiction', 'Fantasy', 'Life on other planets', 'Space colonies', 'Dragons', 'Time travel', 'American Science fiction', 'Civilization', 'Pern (imaginary place), fiction', 'Fiction, fantasy, epic', 'Pern', 'Reading Level-Grade 11', 'Reading Level-Grade 10', 'Reading Level-Grade 12', 'Comics & graphic novels, general']","['fantasy', 'science fiction']",N/A,0,10306696,error,N/A,4.076923076923077,39,[]
97,,N/A,Triplanetary,"E. D. Smith, Edward Elmer Smith, Frederick E. Smith, E. E. Smith, Edward E. Smith, “Doc” E.E. Smith, E. E. &quot;Doc&quot; Smith, E. E. Smith, E.E. ""Doc Smith, Edward Elmer  Smith, Edward ""Doc"" Smith, Edward Doc"" Smith",1948,67,"['Fiction, general', 'Science fiction', 'Juvenile literature', 'American Science fiction', 'Fiction, sagas', 'Fiction, science fiction, space opera', 'Scientists, fiction', 'Fiction', 'Science Fiction', 'Human-alien encounters', 'Space warfare', 'Fiction, science fiction, general', 'Fiction in English, 1900- Texts']",['science fiction'],N/A,0,4627686,error,N/A,3.7142857142857144,7,[]
98,,N/A,Sphere,"Michael Crichton, Jacques Polanis",1980,67,"['space ships', 'space vehicles', 'squid', 'psychology', 'giant squid', 'Twenty Thousand Leagues Under the Sea', 'explosives', 'diving chambers', 'claustrophobia', 'psychologists', 'mathematicians', 'zoologists', 'astrophysicists', 'marine biologists', 'United States Navy', 'deep sea habitats', 'time travel', 'Life on other planets', 'Open Library Staff Picks', 'Juvenile fiction', 'Scientists', 'Fiction', 'Science fiction', 'Fiction, action & adventure', 'Chang pian xiao shuo', 'Fiction, science fiction, general']",['science fiction'],N/A,0,9254423,error,N/A,4.230769230769231,13,[]
99,,N/A,Solaris,Stanisław Lem,1962,66,"['Translations into English', 'English fiction', 'Polish Science fiction', 'Polish fiction', 'Translations from Polish', 'Science fiction', 'Fiction, science fiction, general', 'Slavic philology']",['science fiction'],N/A,0,12313764,error,N/A,4.333333333333333,18,[]
